Time; UserTime; User; Text; Sentiment; Candidate; Place; Latitude; Longitude;
2015-12-14 23:57:10; Creo que Mariano Rajoy ha ganado el #CaraACara #ELPAS20D #PP https://t.co/vYBZdBDfxh; PP Benasque; neutral; Mariano Rajoy; Spain; 40.0028028; -4.003104; 
2015-12-14 23:55:18; Creo que Pedro Snchez ha ganado #CaraACara #ELPAS20D #PSOE https://t.co/iijj6YhrdP; Clara Aguilera; neutral; Pedro Sanchez; La Wantzenau, Alsace; 48.6589043; 7.8293027; 
2015-12-14 23:54:31; Ganador del debate?? #Rajoy por harakiri de #Snchez #CaraACara; Jorge MP; neutral; Mariano Rajoy; Madrid, Comunidad de Madrid; 40.4167047; -3.7035825; 
2015-12-14 23:53:20; Creo que Pedro Snchez ha ganado #CaraACara #ELPAS20D #PSOE https://t.co/WxKTusfayI; juan cruz benitez; neutral; Pedro Sanchez; Calamonte, Extremadura; 38.8885301; -6.3863425; 
2015-12-14 23:45:42; #caraacara is now trending in #London https://t.co/K1m5a2VteU; Trendsmap London; neutral; Ninguno; Westminster, London; 51.5001592; -0.1270244; 
2015-12-14 23:43:45; Creo que Pedro Snchez ha ganado #CaraACara #ELPAS20D #PSOE https://t.co/ebMQsmRsal; alvabu; neutral; Pedro Sanchez; Seville, Andalusia; 37.3886303; -5.9953171; 
2015-12-14 23:43:34; Creo que Pedro Snchez ha ganado #CaraACara #ELPAS20D #PSOE https://t.co/qFKDkWOi4v; Basilio Lorenzo; neutral; Pedro Sanchez; Camberwell, London; 51.4745706; -0.0925416; 
2015-12-14 23:41:37; Creo que Pedro Snchez ha ganado #CaraACara #ELPAS20D #PSOE https://t.co/HRIMMB2hqX; Brahim Aslimani; neutral; Pedro Sanchez; Melilla, Ciudad de Melilla; 35.29995185; -2.93971456964; 
2015-12-14 23:37:54; Creo que Mariano Rajoy ha ganado el #CaraACara #ELPAS20D #PP https://t.co/oo8bMH2tEL; Hassan Driss Bouyema; neutral; Mariano Rajoy; Melilla, Ciudad de Melilla; 35.29995185; -2.93971456964; 
2015-12-14 23:36:37; Creo que Pedro Snchez ha ganado #CaraACara #ELPAS20D #PSOE https://t.co/S80ebhLvlI; mara gila; neutral; Pedro Sanchez; Valencia, Spain; 39.6819591; -0.7654406; 
2015-12-14 23:36:21; #CaraACara Para Antena 3 ha ganado Snchez.; c. garcia-abadillo; neutral; Ninguno; Madrid, Comunidad de Madrid; 40.4167047; -3.7035825; 
2015-12-14 23:33:37; Me apetece ver #CaraACaraL6 Imaginad cmo ha tenido que ser el #CaraACara y el post de TVE y @antena3com; Jesus Garrido; neutral; Ninguno; Valencia, Spain; 39.6819591; -0.7654406; 
2015-12-14 23:32:36; Creo que Mariano Rajoy ha ganado el #CaraACara #ELPAS20D #PP https://t.co/0s59k3xlWT; Borja Pardo; neutral; Mariano Rajoy; Albacete, Castilla-La Mancha; 38.9951049; -1.8559613; 
2015-12-14 23:31:59; Creo que Mariano Rajoy ha ganado el #CaraACara #ELPAS20D #PP https://t.co/Iu89tTWrHy; Jose Mariano Minguez; neutral; Mariano Rajoy; Alcala de Henares, Madrid; 40.4818396; -3.3644973; 
2015-12-14 23:31:26; As me he quedao #caraacara https://t.co/bunWant3zv; Auricia; neutral; Ninguno; Santiago de Compostela, Galicia; 42.8804219; -8.5458608; 
2015-12-14 23:29:56; Creo que Mariano Rajoy ha ganado el #CaraACara #ELPAS20D #PP https://t.co/gtWPeD7GRN; Juan Glez. Mortera; neutral; Mariano Rajoy; Llanera, Principado de Asturias; 43.4546614; -5.85085428913; 
2015-12-14 23:29:16; Casado (PP): "Snchez se estaba dirigiendo a los votantes de Podemos a la desesperada pero ellos vern un candidato sobreactuado" #Caraacara; Carlos Herranz; neutral; Ninguno; Paris, Ile-de-France; 48.8565056; 2.3521334; 
2015-12-14 23:28:12; Ganador del #CaraACara ?; Nacho Del Barrio; neutral; Ninguno; Alcobendas, Comunidad de Madrid; 40.5400082; -3.6358494; 
2015-12-14 23:26:29; Y yo que al poner la 1 pens que era la nueva temporada de cuntame.. Y no era el debate!! Caducos y rancios..#CaraACara #CaraACara2015; Diego; neutral; Ninguno; Madrid, Comunidad de Madrid; 40.4167047; -3.7035825; 
2015-12-14 23:26:22; Creo que Pedro Snchez ha ganado #CaraACara #ELPAS20D #PSOE https://t.co/MKLBvwHj1i; Javvo Rockrawr; neutral; Pedro Sanchez; Oviedo, Principado de Asturias; 43.3533424; -5.87951423953; 
2015-12-14 23:24:57; Creo que Pedro Snchez ha ganado #CaraACara #ELPAS20D #PSOE https://t.co/RonLh5v95G; CESAR MARTINEZ LAZO; neutral; Pedro Sanchez; Llanera, Principado de Asturias; 43.4546614; -5.85085428913; 
2015-12-14 23:23:17; @PedroGallego05 @oneto_p Muy bien descrito!!! #CaraACaraL6 #CaraACara https://t.co/mtWUl9mUot; Yo Soy Naranjito; neutral; Pedro Sanchez; Denia, Valencia; 38.8408382; 0.1061105; 
2015-12-14 23:23:08; Rancio es poco #CaraACara; abarea; neutral; Ninguno; Madrid, Comunidad de Madrid; 40.4167047; -3.7035825; 
2015-12-14 23:23:04; Wow! No me esperaba ver a nadie escapando de las preguntas despus... No s quin lo ha ganado pero igual si quien lo ha perdido. #CaraACara; Martin Gomez; positive; Ninguno; Madrid, Comunidad de Madrid; 40.4167047; -3.7035825; 
2015-12-14 23:18:44; Creo que Mariano Rajoy ha ganado el #CaraACara #ELPAS20D #PP https://t.co/dQE50ckodO; PP Calzadilla Barros; neutral; Mariano Rajoy; Badajoz, Extremadura; 38.8782064; -6.9701573; 
2015-12-14 23:14:22; #CaraACara Snchez a Rajoy : "Indecente". Rajoy a Snchez: "Ruin".; c. garcia-abadillo; neutral; Mariano Rajoy; Madrid, Comunidad de Madrid; 40.4167047; -3.7035825; 
2015-12-14 23:13:31; Quin ha ganado el #CaraAcara?; Elsa.; neutral; Ninguno; Villaconejos, Comunidad de Madrid; 40.1040079; -3.4850284; 
2015-12-14 23:13:19; Y colorn colorado, Pedro Snchez se ha acabado. #CaraACaraL6 #CaraACara #14D; The Bogeyman; neutral; Pedro Sanchez; Madrid, Comunidad de Madrid; 40.4167047; -3.7035825; 
2015-12-14 23:12:59; Lo nico que sac en claro del debate es que @sanchezcastejon es un mal educado #CaraACara; Javi Ramirez; neutral; Pedro Sanchez; Villalbilla, Comunidad de Madrid; 40.4324714; -3.2986182; 
2015-12-14 23:12:32; #CaraACara Los internautas de El Pas dan vencedor a Snchez.; c. garcia-abadillo; neutral; Ninguno; Madrid, Comunidad de Madrid; 40.4167047; -3.7035825; 
2015-12-14 23:08:57; Creo que Pedro Snchez ha ganado #CaraACara #ELPAS20D #PSOE https://t.co/IJhmK7uJfF; Josep Manel; neutral; Pedro Sanchez; Alicante, Valencia; 38.37564915; -0.531436525455; 
2015-12-14 23:08:14; Dice @carmechacon que ZPedro Snchez a acorralado a Rajoy!!! #CaraACaraL6 #CaraACara; Yo Soy Naranjito; neutral; Ambos; Denia, Valencia; 38.8408382; 0.1061105; 
2015-12-14 23:07:27; Dice el chuches que el euro no va a desaparecer, pues a mi me desaparecen a velocidad de vertigo #CaraACaraL6 #CaraACara #CaraACaraA3N; Mario; neutral; Ninguno; Badalona, Catalunya; 41.4493539; 2.248254; 
2015-12-14 23:07:19; Lo mejor del debate es que ya se ha terminado!!! #CaraACaraL6 #CaraACara; Yo Soy Naranjito; neutral; Ninguno; Denia, Valencia; 38.8408382; 0.1061105; 
2015-12-14 23:07:15; Creo que Pedro Snchez ha ganado #CaraACara #ELPAS20D #PSOE https://t.co/widxToYQNF; maria; neutral; Pedro Sanchez; Oviedo, Principado de Asturias; 43.3533424; -5.87951423953; 
2015-12-14 23:07:01; Sisplau que treguin ja la banda sonora... #CaraACara; Cristina Salvador; neutral; Ninguno; Barcelona, Catalonia; 41.3825596; 2.1771353; 
2015-12-14 23:06:25; El mejor debate que hay a dia de hoy es el de si con pelo o depilado #CaraACara #caracaraTVE #CaraACaraL6; Negrilloooo :-P; neutral; Ninguno; Zaragoza, Aragon; 41.6521342; -0.8809428; 
2015-12-14 23:05:38; Y despus del sopor de recreo de colegio del #CaraACara ahora los programas de anlisis llenos de    palabrera #ADormir; Lucas Ferreira; neutral; Ninguno; Madrid, Comunidad de Madrid; 40.4167047; -3.7035825; 
2015-12-14 23:05:18; El pasaje de la corrupcin provocado por @sanchezcastejon ha sido el ms duro que se recuerda en Espaa de los debates #CaraACara.; Javier Casqueiro; neutral; Pedro Sanchez; Madrid, Comunidad de Madrid; 40.4167047; -3.7035825; 
2015-12-14 23:04:58; Uffff la msica final tan cutre y arcaica como el #CaraACara; Jose Martret; neutral; Ninguno; Madrid, Comunidad de Madrid; 40.4167047; -3.7035825; 
2015-12-14 23:04:46; Madre mia que mal lo ha hecho Rajoy muy impreciso y negando cosas obvias #CaraACara; Fran Brunet; neutral; Mariano Rajoy; Madrid, Comunidad de Madrid; 40.4167047; -3.7035825; 
2015-12-14 23:04:16; @Albert_Rivera y @Pablo_Iglesias_ estaban escuchando @10segundosgbes que es mas entretenido que el #CaraACara https://t.co/M5oOd6qXaA; Javi Seby; neutral; Ninguno; Seville, Andalusia; 37.3886303; -5.9953171; 
2015-12-14 23:04:03; Echar un vistazo a los papeles en el minuto final? Fiel resumen del #CaraACara Lamentable @marianorajoy @sanchezcastejon; Mar Castro; neutral; Ambos; Lugo, Galicia; 43.0396042; -7.45660706651; 
2015-12-14 23:03:37; Rajoy dice para empezar y acabar lo mismo!!! Tal cual!!! Machacando con el mensaje... Se cree que somos gilipollas!!! #caraAcara; Jose Martret; neutral; Mariano Rajoy; Madrid, Comunidad de Madrid; 40.4167047; -3.7035825; 
2015-12-14 23:03:36; Apasionante debate, yo he rechazado varias proposiciones sexuales de lo emocionado que estoy #CaraACaraL6 #CaraACaraA3N #CaraACara; Luis Alfonso; neutral; Ninguno; Fuenlabrada, Comunidad de Madrid; 40.282476; -3.7923422; 
2015-12-14 23:03:36; El minut de glria... #emocionsaflordepell #vibrant #apassionant #CaraACara; Cristina Salvador; positive; Ninguno; Barcelona, Catalonia; 41.3825596; 2.1771353; 
2015-12-14 23:03:24; Resumen de las promesas de @marianorajoy en el #caraacara #CaraACaraTVE #CaraACaraL6 #CaraACaraA3N foto @emofacc https://t.co/CY0YFT32ni; Javier Mardones G-M; neutral; Mariano Rajoy; Vitoria-Gasteiz, Euskadi; 42.8463449; -2.6725146; 
2015-12-14 23:03:19; Pedro Snchez: "Espaa necesita un cambio" #CaraACara #CaraACaraL6  #JetaAJeta https://t.co/0MAHH0mNfU; Joan Orquin; neutral; Pedro Sanchez; Oliva, Comunidad Valenciana; 38.9201993; -0.1209744; 
2015-12-14 23:02:33; "Cuenten conmigo, yo cuento con vosotros, con vosotras" Y esa diferencia de tratamiento? @sanchezcastejon #CaraACara; Mar Castro; neutral; Pedro Sanchez; Lugo, Galicia; 43.0396042; -7.45660706651; 
2015-12-14 23:02:05; Creo que Pedro Snchez ha ganado #CaraACara #ELPAS20D #PSOE https://t.co/YLd8sK5LiC; David; neutral; Pedro Sanchez; Don Benito, Extremadura; 38.9540777; -5.8619853; 
2015-12-14 23:01:52; @mcampovidal pide una intervencin sin alusiones al otro Era necesario dar esas pautas fundamentales? No deberan saberlo?... #CaraACara; Mar Castro; neutral; Ninguno; Lugo, Galicia; 43.0396042; -7.45660706651; 
2015-12-14 23:01:33; Que se acaba!!! Que s!!! #CaraACara; FERNANDOGARCIABILBAO; neutral; Ninguno; Moralzarzal, Comunidad de Madrid; 40.6791436; -3.9720985; 
2015-12-14 23:00:56; Rajoy emulando su frase 'los espaoles son mucho espaoles' con Iberoamrica y frica #Caraacara; Carlos Herranz; neutral; Mariano Rajoy; Paris, Ile-de-France; 48.8565056; 2.3521334; 
2015-12-14 23:00:22; Antes de #twitter, cmo se aguantaban estos debates? #CaraACaraL6 #Caraacara #CaraACaraA3N; Luis Alfonso; neutral; Ninguno; Fuenlabrada, Comunidad de Madrid; 40.282476; -3.7923422; 
2015-12-14 23:00:13; #CaraACara Que se vayan, se vayan, se vayan, que se vayan de una p. vez; jose miguel gamboa; neutral; Ninguno; Madrid, Comunidad de Madrid; 40.4167047; -3.7035825; 
2015-12-14 22:59:49; Creo que Pedro Snchez ha ganado #CaraACara #ELPAS20D #PSOE https://t.co/SS3wmrrFo8; Jordi Planell; neutral; Pedro Sanchez; Castelldefels, Catalunya; 41.2861022; 1.9824173; 
2015-12-14 22:59:14; Creo que Pedro Snchez ha ganado #CaraACara #ELPAS20D #PSOE https://t.co/EWPNSgw0vo; M Angeles fernandez ; neutral; Pedro Sanchez; Seville, Andalusia; 37.3886303; -5.9953171; 
2015-12-14 22:58:41; #caraacara #CampoVidal FOR PRESIDENT !!!; SALVA GIL; neutral; Ninguno; Malaga, Andalusia; 36.7210805; -4.4210409; 
2015-12-14 22:58:11; Pfff y me sobra una f. #CaraACara; Pablo Bautista; neutral; Ninguno; Madrid, Comunidad de Madrid; 40.4167047; -3.7035825; 
2015-12-14 22:57:54; @mireyita19801 pero y el #caraacara no te mola??? Yo no s ni para qu lo veo... #qudesastre!; Vicky Inga; neutral; Ninguno; Ibi, Comunidad Valenciana; 38.623288; -0.5730513; 
2015-12-14 22:57:20; Creo que Pedro Snchez ha ganado #CaraACara #ELPAS20D #PSOE https://t.co/a9IGH3LAoB; Conxa Blasco Gomis; neutral; Pedro Sanchez; Manises, Comunidad Valenciana; 39.492989; -0.4621429; 
2015-12-14 22:57:07; Propongo prohibir a los polticos emplear la palabra "solidaridad". Ruego apoyos por el bien de la solidaridad!! #CaraACara; Mar Castro; neutral; Ninguno; Lugo, Galicia; 43.0396042; -7.45660706651; 
2015-12-14 22:56:52; @jordievole mrala #CaraACara que es la tercera....; Azahara Santos Ruiz; neutral; Ninguno; Madrid, Comunidad de Madrid; 40.4167047; -3.7035825; 
2015-12-14 22:56:39; @AnquitaIP @academia_tv Pues me lo grabo y lo veo maana #modosadismo #CaraACara; FERNANDOGARCIABILBAO; neutral; Ninguno; Moralzarzal, Comunidad de Madrid; 40.6791436; -3.9720985; 
2015-12-14 22:56:34; Expliqumoslo: Sr Rajoy, nos baja tanto la libido a tod@s que la maternidad est muy complicada @Glocalistas_TW #CaraACara #PedroPresidente; Fernando; neutral; Ambos; Zaragoza, Aragon; 41.6521342; -0.8809428; 
2015-12-14 22:56:25; #CaraACaraL6  #CaraACara #JetaAJeta  https://t.co/SSqZg7NgHi; Joan Orquin; neutral; Ninguno; Oliva, Comunidad Valenciana; 38.9201993; -0.1209744; 
2015-12-14 22:56:13; #CaraACara #PedroSanchez a jefe de campaa :  + como vamos ??  - si lo matas empatamos  #laqueestasliandopedrito; SALVA GIL; neutral; Pedro Sanchez; Malaga, Andalusia; 36.7210805; -4.4210409; 
2015-12-14 22:55:25; Creo que Pedro Snchez ha ganado #CaraACara #ELPAS20D #PSOE https://t.co/a9IGH3LAoB; Conxa Blasco Gomis; neutral; Pedro Sanchez; Manises, Comunidad Valenciana; 39.492989; -0.4621429; 
2015-12-14 22:55:07; Quedan 5 minutos para publicar encuestas. Que bien se han montado el chiringuito menda y lerenda. #CaraACaraL6 #JetaAJeta  #CaraACara; Joan Orquin; neutral; Ninguno; Oliva, Comunidad Valenciana; 38.9201993; -0.1209744; 
2015-12-14 22:54:21; s que un #caraacara entre dues persones que potser no seran presidents s raruno; Ruth Gumbau; neutral; Ninguno; Vallcarca i els Penitents; 41.41571215; 2.14146925844; 
2015-12-14 22:53:17; Rajoy textual:"Hay algo que yo no haya recortado?" Looool #Caraacara; Carlos Herranz; neutral; Mariano Rajoy; Paris, Ile-de-France; 48.8565056; 2.3521334; 
2015-12-14 22:53:04; Iban empate a cero, pero @sanchezcastejon se ha metido un gol en propia puerta #CaraACara; FERNANDOGARCIABILBAO; neutral; Pedro Sanchez; Moralzarzal, Comunidad de Madrid; 40.6791436; -3.9720985; 
2015-12-14 22:52:58; No #Podemos ningunear a los #Ciudadanos en el debate #CaraACara; Cristina Salvador; neutral; Ninguno; Barcelona, Catalonia; 41.3825596; 2.1771353; 
2015-12-14 22:52:23; @sandraextrem Vaya debate entre @marianorajoy y @sanchezcastejon en el #CaraACara, veremos quien gana  :}; ROBIN DESCHANEL; positive; Ambos; Aspe, Comunidad Valenciana; 38.3459902; -0.7692125; 
2015-12-14 22:52:12; "El tema de la emigracin es porque hay gente que no puede vivir en su pas", dice Rajoy. Por ejemplo, en un pas llamado Espaa. #CaraACara; Paloma Jara; neutral; Mariano Rajoy; Seville, Andalusia; 37.3886303; -5.9953171; 
2015-12-14 22:51:41; .@estherpalomera #CaraACara Mariano ordena a M AA.EE repatriar de Gaza a #Jaldia Abu Braka candidata senado x UP - IU antes de iros a casa.; Unidad Popular; neutral; Mariano Rajoy; Zaragoza, Aragon; 41.6521342; -0.8809428; 
2015-12-14 22:51:35; Mirada franca + Frases cortas y positivas, claves de la atencin y retencin del escuchantes... Dnde estn? #CaraACara; Mar Castro; neutral; Ninguno; Lugo, Galicia; 43.0396042; -7.45660706651; 
2015-12-14 22:51:00; Han plantejat el debat per vncer l'oponent, no per convncer l'audincia... #caraacara #CaraACaraL6; Cristina Salvador; neutral; Ninguno; Barcelona, Catalonia; 41.3825596; 2.1771353; 
2015-12-14 22:50:58; Creo que Mariano Rajoy ha ganado el #CaraACara #ELPAS20D #PP https://t.co/CHOoYJjj7D; adriana catena; neutral; Mariano Rajoy; Lisbon, Portugal; 38.7130574; -9.1380056; 
2015-12-14 22:50:57; Creo que Mariano Rajoy ha ganado el #CaraACara #ELPAS20D #PP https://t.co/GdoWaCOd38; Noelia Mochales; neutral; Mariano Rajoy; Majadahonda, Comunidad de Madrid; 40.473055; -3.8724138; 
2015-12-14 22:50:53; Esto es mierda #CaraACara; nothing; neutral; Ninguno; Denia, Valencia; 38.8408382; 0.1061105; 
2015-12-14 22:50:51; .@ElHuffPost #CaraACara Mariano ordena a tu M AA.EE repatriar de Gaza a #Jaldia Abu Braka candidata senado UP - IU antes de iros a casa; Unidad Popular; neutral; Mariano Rajoy; Zaragoza, Aragon; 41.6521342; -0.8809428; 
2015-12-14 22:49:42; Creo que Pedro Snchez ha ganado #CaraACara #ELPAS20D #PSOE https://t.co/i5q4Yyrqr2; Miguel Angel Toscano; neutral; Pedro Sanchez; Seville, Andalusia; 37.3886303; -5.9953171; 
2015-12-14 22:49:22; Creo que Pedro Snchez ha ganado #CaraACara #ELPAS20D #PSOE https://t.co/6bbUHjJycD; Rosa Perez Barbero; neutral; Pedro Sanchez; Calella, Catalunya; 41.6132925; 2.6576102; 
2015-12-14 22:48:50; Creo que Pedro Snchez ha ganado #CaraACara #ELPAS20D #PSOE https://t.co/KPSIrY0pNy; Manuel Gallardo; neutral; Pedro Sanchez; Siruela, Extremadura; 38.9775564; -5.0491971; 
2015-12-14 22:48:20; Ms coazo no puede ser el #CaraAcara oggg que pesados.; Sr.Vallejo; neutral; Ninguno; Getafe, Comunidad de Madrid; 40.3081807; -3.7302679; 
2015-12-14 22:48:18; Creo que Pedro Snchez ha ganado #CaraACara #ELPAS20D #PSOE https://t.co/6gVV8wAgQt; maribel casalderrey ; neutral; Pedro Sanchez; Vigo, Galicia; 42.2376602; -8.7247205; 
2015-12-14 22:47:35; Creo que Mariano Rajoy ha ganado el #CaraACara #ELPAS20D #PP https://t.co/ZQxbVrWHvd; sara; neutral; Mariano Rajoy; Valencia, Spain; 39.6819591; -0.7654406; 
2015-12-14 22:46:42; Ver el #CaraACara es como ver a dos tontos pelendose por ver quien la tiene ms grande.; Eviterno; neutral; Ninguno; Madrid, Comunidad de Madrid; 40.4167047; -3.7035825; 
2015-12-14 22:46:19; Si Sanchez carga un poco ms con los sueldos, sobresueldos y comisiones mata y elimina a ese seor mayor que balbucea tanto... #caraACara; Jose Martret; neutral; Pedro Sanchez; Madrid, Comunidad de Madrid; 40.4167047; -3.7035825; 
2015-12-14 22:45:05; #CaraACara Debate con pocas luces de dos iluminados... https://t.co/MySwiB6t45; RebecaGR; neutral; Ninguno; Madrid, Comunidad de Madrid; 40.4167047; -3.7035825; 
2015-12-14 22:43:25; El escenario del #7DElDebateDecisivo era una tortura para los candidatos pero lo prefiero a la mesa del #CaraACara Ni tanto, ni tan poco...; Mar Castro; neutral; Ninguno; Lugo, Galicia; 43.0396042; -7.45660706651; 
2015-12-14 22:43:08; Me pongo @Fiebre_Maldini, donde va a parar,mucho mejor que el #CaraACara; L.J.Lopez Casero; neutral; Ninguno; Tomelloso, Castilla-La Mancha; 39.1590075; -3.0215098; 
2015-12-14 22:42:38; Creo que Pedro Snchez ha ganado #CaraACara #ELPAS20D #PSOE https://t.co/E1jr2jkKaL Pero lo han perdido ambos! #CaraACaraL6 ; Antonio Casals; neutral; Pedro Sanchez; Sant Boi de Llobregat, Catalunya; 41.3361185; 2.0428507; 
2015-12-14 22:42:36; Amb un parell de debats ms com el #CaraACara i el independentisme ser normal fins i tot a Extremadura #eldebacle #eldebatedecisivo; Artur Duart; positive; Ninguno; Alella, Catalunya; 41.4952867; 2.2942758; 
2015-12-14 22:41:32; Desempleo, pensiones, unidad.... Lo mismo de siempre #CaraACaraL6 #CaraACara #DebateCaraACara; Maestro Benavent; neutral; Ninguno; Alboraya, Comunidad Valenciana; 39.5009954; -0.34948; 
2015-12-14 22:41:11; Se me ha ocurrido zapear para ver como va el debate #CaraACara y he llegado a la conclusin de que me vuelvo a la #GranFinalPequenosGigantes; Miguel Angel Roca; neutral; Ninguno; Madrid, Comunidad de Madrid; 40.4167047; -3.7035825; 
2015-12-14 22:41:08; Vaya nivel bajo de exposicin de ideas y programas electorales #CaraACara #Fail; Yago San Antonio; negative; Ninguno; Madrid, Comunidad de Madrid; 40.4167047; -3.7035825; 
2015-12-14 22:40:56; Pedro Snchez eres un maleducado no haces ms que interrumpir #CaraACara; Andres Garcia; neutral; Pedro Sanchez; Badalona, Catalunya; 41.4493539; 2.248254; 
2015-12-14 22:40:51; Y si ahora Rajoy dice : Pedro, yo soy tu padre? Sacaran las espadas lser y molara ms  #CaraACara; FERNANDOGARCIABILBAO; neutral; Ambos; Moralzarzal, Comunidad de Madrid; 40.6791436; -3.9720985; 
2015-12-14 22:40:43; No es que mi voto no estuviese claramente decidido. Pero vamos... si haba alguna duda ya est claro a quin no hay que votar #CaraACara; Jesus Garrido; neutral; Ninguno; Valencia, Spain; 39.6819591; -0.7654406; 
2015-12-14 22:40:12; #CaraACara #PP #PSOE https://t.co/5TMOBiHDjc; Carlos Azaustre; neutral; Ninguno; Valdefuentes, Madrid; 40.2991739; -3.8960415; 
2015-12-14 22:40:08; Creo que Pedro Snchez ha ganado #CaraACara #ELPAS20D #PSOE https://t.co/yQdeuLXcyg; Jose A. Chico; neutral; Pedro Sanchez; Madrid, Comunidad de Madrid; 40.4167047; -3.7035825; 
2015-12-14 22:39:56; Cuando #Mariano guia el ojo, no te creas lo que diga en los prximos minutos... bueno ni lo de antes! #CaraACaraL6 #CaraACara #Debate; JordiGiro#Tram42#27S; neutral; Mariano Rajoy; Barcelona, Catalonia; 41.3825596; 2.1771353; 
2015-12-14 22:39:49; Creo que Pedro Snchez ha ganado #CaraACara #ELPAS20D #PSOE https://t.co/krD7exuT4h; Juanito; neutral; Pedro Sanchez; Badalona, Catalunya; 41.4493539; 2.248254; 
2015-12-14 22:39:03; Creo que Pedro Snchez ha ganado #CaraACara #ELPAS20D #PSOE https://t.co/WPqtSciI1P; ANTONIO JOSE; neutral; Pedro Sanchez; Seville, Andalusia; 37.3886303; -5.9953171; 
2015-12-14 22:39:02; Creo que Pedro Snchez ha ganado #CaraACara #ELPAS20D #PSOE https://t.co/GblWvwOETl; maricarmen; neutral; Pedro Sanchez; Olivenza, Extremadura; 38.6844742; -7.1005662; 
2015-12-14 22:38:18; Quien ha ganado el debate? #CARAaCARA2015 #CaraaCara #CaraACaraTVE; Maestro Benavent; neutral; Ninguno; Alboraya, Comunidad Valenciana; 39.5009954; -0.34948; 
2015-12-14 22:38:01; #CaraACaraL6 El #CaraACara es imprescindible verlo con la intrprete de lengua de signos, cuando se enganchan es lo ms de lo ms; Javier San Basilio; neutral; Ninguno; Wandsworth, London; 51.4570271; -0.1932607; 
2015-12-14 22:37:56; Que alguien me explique que significa "toda la solidaridad con las familias de..." Hartita estoy de escucharlo en cada atentado #CaraACara; Mar Castro; neutral; Ninguno; Lugo, Galicia; 43.0396042; -7.45660706651; 
2015-12-14 22:37:39; Creo que Pedro Snchez ha ganado #CaraACara #ELPAS20D #PSOE https://t.co/6y5sN7DRP0; Sergi; neutral; Pedro Sanchez; Spain; 40.0028028; -4.003104; 
2015-12-14 22:37:30; Creo que Pedro Snchez ha ganado #CaraACara #ELPAS20D #PSOE https://t.co/POnODvbteq; sfuente; neutral; Pedro Sanchez; Madrid, Comunidad de Madrid; 40.4167047; -3.7035825; 
2015-12-14 22:36:37; Rajoy se ha mordido la lengua para no decir "sin parangn" #CaraACaraL6  #JetaAJeta #CaraACara; Joan Orquin; neutral; Mariano Rajoy; Oliva, Comunidad Valenciana; 38.9201993; -0.1209744; 
2015-12-14 22:36:12; Por fin se reconoce que Espaa es una gran nacin. Lenguaje positivo... Tarde pero lleg! @marianorajoy #CaraACara; Mar Castro; neutral; Mariano Rajoy; Lugo, Galicia; 43.0396042; -7.45660706651; 
2015-12-14 22:36:05; Creo que Mariano Rajoy ha ganado el #CaraACara #ELPAS20D #PP https://t.co/ebYYUmftg5; JossMD; neutral; Mariano Rajoy; Paterna, Comunidad Valenciana; 39.5039227; -0.4421014; 
2015-12-14 22:36:04; La primera coincidncia de la nit entre Rajoy i Snchez, Catalunya #CaraACara #eldebacle #ostres; Artur Duart; neutral; Mariano Rajoy; Alella, Catalunya; 41.4952867; 2.2942758; 
2015-12-14 22:35:48; JajajajajjajjjjjajajjjJjjSsjajajajaj #CaraaCara #CaraACaraTVE https://t.co/Xina03vjHr; Maestro Benavent; neutral; Ninguno; Alboraya, Comunidad Valenciana; 39.5009954; -0.34948; 
2015-12-14 22:35:47; Creo que Pedro Snchez ha ganado #CaraACara #ELPAS20D #PSOE https://t.co/G47Dy1UyXw; M Carmen Vila Blanco; neutral; Pedro Sanchez; Carballo, Galicia; 43.2133696; -8.6888869; 
2015-12-14 22:35:31; Ahora invito a todos que vea el debate A. Rivera y Pablo Iglesias con @jordievole y valore. #CaraACara #bipartidismo; Fernando Torcelly; neutral; Ninguno; Palmas de Gran Canaria, Canary Islands; 28.1287799; -15.4350514; 
2015-12-14 22:34:38; Creo que Pedro Snchez ha ganado #CaraACara #ELPAS20D #PSOE https://t.co/k2rhXMtMtU  #GanaPedroGanasT; Isabel Moreno; neutral; Pedro Sanchez; Strasbourg, Alsace; 48.584614; 7.7507127; 
2015-12-14 22:33:06; @sanchezcastejon no me he enterado bien quin frivoliza? #CaraACara; Mar Castro; neutral; Pedro Sanchez; Lugo, Galicia; 43.0396042; -7.45660706651; 
2015-12-14 22:32:19; Pedro Snchez parece estar ganando el #CaraACara #ELPAS20D #PSOE https://t.co/6BXSfA4I5l; ForaPP-AdeuRajoy; neutral; Pedro Sanchez; Strasbourg, Alsace; 48.584614; 7.7507127; 
2015-12-14 22:32:13; Ahora va a resultar que no tendrais que haber discutido sobre #Catalua... En todo de acuerdo? #CaraACara; Martin Gomez; neutral; Ninguno; Madrid, Comunidad de Madrid; 40.4167047; -3.7035825; 
2015-12-14 22:31:55; @luisalfonsoBH en serio, Campo Vidal tiene cara de mala leche #CaraACaraL6 #CaraACaraA3N #CaraACara; Luis Alfonso; neutral; Ninguno; Fuenlabrada, Comunidad de Madrid; 40.282476; -3.7923422; 
2015-12-14 22:31:40; No mhan convenut d qdarme espanya, vull marxar ja!!!! #CaraACaraL6 #caraAcaraA3 #CaraACara; josep muray; neutral; Ninguno; Barcelona, Catalonia; 41.3825596; 2.1771353; 
2015-12-14 22:31:39; #CaraACara; Juanfra Acosta; neutral; Ninguno; Palmas de Gran Canaria, Canary Islands; 28.1287799; -15.4350514; 
2015-12-14 22:31:37; Est muy bien leerle la cartilla a Rajoy, bien y fcil , Sr Snchez, pero...usted, q propone? #caraacaraantena3 #caraacara #RajoyvsSnchez; aricraft; neutral; Mariano Rajoy; Barcelona, Catalonia; 41.3825596; 2.1771353; 
2015-12-14 22:31:29; Si la riqueza de Espaa depende del nivel de educacin de sus miembros, incluidos polticos... somos medio pobres? #CaraACara; Mar Castro; neutral; Ninguno; Lugo, Galicia; 43.0396042; -7.45660706651; 
2015-12-14 22:30:36; @estefaniac2t Botox o mascarilla paralizante? #CaraACara; Marisol Pozo Fajardo; neutral; Ninguno; Zaragoza, Aragon; 41.6521342; -0.8809428; 
2015-12-14 22:30:09; Se me est haciendo corto el #CaraACara   Que nooooo!!!; FERNANDOGARCIABILBAO; neutral; Ninguno; Moralzarzal, Comunidad de Madrid; 40.6791436; -3.9720985; 
2015-12-14 22:29:34; Cmo no hablen de Catalua Campo Vidal se la a hostias #CaraACaraL6 #CaraACaraA3N #caraacara; Luis Alfonso; neutral; Ninguno; Fuenlabrada, Comunidad de Madrid; 40.282476; -3.7923422; 
2015-12-14 22:28:38; Tienen mucho que aprender, otra cosa es que no se les ve muy dispuestos #CaraACaraL6 #CaraACara #CaraACaraA3N; Luis Alfonso; neutral; Ninguno; Fuenlabrada, Comunidad de Madrid; 40.282476; -3.7923422; 
2015-12-14 22:28:38; @Charblue1974 #CaraACara gracias por la aclaracion; Mario; neutral; Ninguno; Badalona, Catalunya; 41.4493539; 2.248254; 
2015-12-14 22:28:14; #CaraACara PS no deja hablar. Le deben haber dicho q es la nica manera de ganar el debate xq lo q es x propuestas y argumentos no es capaz; Nuria Ballesteros; neutral; Ninguno; Tres Cantos, Comunidad de Madrid; 40.6065826; -3.7065333; 
2015-12-14 22:28:09; Snchez me despierta el mismo inters que la reproduccin de un mejilln #CaraACara; Maria Luisa; neutral; Ninguno; Alcala de Henares, Madrid; 40.4818396; -3.3644973; 
2015-12-14 22:28:06; Quiere contestar seor Sanchez? - si me deja el EXPRESIDENTE del gobierno. Jajaja con un par vacilada #CaraACaraL6  #CaraACara #CaraACaraA3N; Mario; neutral; Pedro Sanchez; Badalona, Catalunya; 41.4493539; 2.248254; 
2015-12-14 22:27:58; Yo creo que Rayquasa ha ganado el #CaraACara; Sanic!; neutral; Ninguno; Azuqueca de Henares, Castilla-La Mancha; 40.5684256; -3.2621585; 
2015-12-14 22:27:55; Creo que Pedro Snchez ha ganado #CaraACara #ELPAS20D #PSOE https://t.co/i5q4Yyrqr2; Miguel Angel Toscano; neutral; Pedro Sanchez; Seville, Andalusia; 37.3886303; -5.9953171; 
2015-12-14 22:27:54; "Al final dirn que han ganado los partidario de ambos #CaraAcara y se repetir la historia interminable"; AntonioSierraEscobar; neutral; Ninguno; Seville, Andalusia; 37.3886303; -5.9953171; 
2015-12-14 22:27:35; La culpa la tiene el formato. Debera haberse hecho con ambos candidatos en un sof con un cojn y con Bertin en medio.  #CaraACara; Miguel; neutral; Ninguno; Cordova, Andalusia; 37.8844874; -4.7795023; 
2015-12-14 22:27:33; El #CaraACara es imprescindible verlo con la intrprete de lengua de signos, cuando se enganchan es lo ms de lo ms; Javier San Basilio; neutral; Ninguno; Merton, London; 51.4143912; -0.1880608; 
2015-12-14 22:27:28; Catalua, qu pereza! #CaraACaraL6 #CaraACara #CaraACaraA3N; Luis Alfonso; neutral; Ninguno; Fuenlabrada, Comunidad de Madrid; 40.282476; -3.7923422; 
2015-12-14 22:27:03; No soy ni de Rajoy, ni de  Sanchez; pero solo hay que ver como tienen los papeles uno y otro #CaraACara; Rambla; neutral; Ambos; Zaragoza, Aragon; 41.6521342; -0.8809428; 
2015-12-14 22:26:42; Manuel Campo Vidal posant Catalunya sobre la taula per 5 cop. Els del #CaraACara ho eviten, ser el 1r cop que es posaran d'acord; Roger Montoliu; neutral; Ninguno; Sitges, Catalunya; 41.236814; 1.8094154; 
2015-12-14 22:26:38; Resumen del #CaraACara (bis) https://t.co/A7HMQVXb1h; Carlos Azaustre; neutral; Ninguno; Valdefuentes, Madrid; 40.2991739; -3.8960415; 
2015-12-14 22:26:03; Creo que Mariano Rajoy ha ganado el #CaraACara #ELPAS20D #PP https://t.co/0DT84hcrvt; Don Fernando Cano; neutral; Mariano Rajoy; Caceres, Extremadura; 39.4751552; -6.3714131; 
2015-12-14 22:25:34; Vamos a ver ahora unas imgenes en bucle de @Cristiano #CaraACara #CaraACaraL6 #CARAaCARA2015; Maestro Benavent; neutral; Ninguno; Alboraya, Comunidad Valenciana; 39.5009954; -0.34948; 
2015-12-14 22:25:21; Creo que Mariano Rajoy ha ganado el #CaraACara #ELPAS20D #PP https://t.co/0TYidjzTgY; Jose Miguel Florez; neutral; Mariano Rajoy; Madrid, Comunidad de Madrid; 40.4167047; -3.7035825; 
2015-12-14 22:25:06; Creo que Pedro Snchez ha ganado #CaraACara #ELPAS20D #PSOE https://t.co/qFKDkWOi4v; Basilio Lorenzo; neutral; Pedro Sanchez; Camberwell, London; 51.4745706; -0.0925416; 
2015-12-14 22:25:03; Creo que Pedro Snchez ha ganado #CaraACara #ELPAS20D #PSOE https://t.co/AaXCqJYDWM; Pablo Uruburu; neutral; Pedro Sanchez; Madrid, Comunidad de Madrid; 40.4167047; -3.7035825; 
2015-12-14 22:24:55; Me he perdido.....#CaraACara; L.J.Lopez Casero; neutral; Ninguno; Tomelloso, Castilla-La Mancha; 39.1590075; -3.0215098; 
2015-12-14 22:24:36; @sanchezcastejon no propone absolutamente nada!! Y @marianorajoy solo logra defenderse #caraAcara; Marcelo A. Moncayo; neutral; Ambos; Madrid, Comunidad de Madrid; 40.4167047; -3.7035825; 
2015-12-14 22:24:25; Creo que Pedro Snchez ha ganado #CaraACara #ELPAS20D #PSOE https://t.co/OyYxbBbN9E; @EducacionPSOE; neutral; Pedro Sanchez; Madrid, Comunidad de Madrid; 40.4167047; -3.7035825; 
2015-12-14 22:24:19;  Campo Vidal: Viva Espaa!, callaos malditos! #CaraACaraL6 #CaraACaraA3n #CaraACara; Luis Alfonso; neutral; Ninguno; Fuenlabrada, Comunidad de Madrid; 40.282476; -3.7923422; 
2015-12-14 22:24:18; Creo que Mariano Rajoy ha ganado el #CaraACara #ELPAS20D #PP https://t.co/hLCsJujFfi; IbericoSpain; neutral; Mariano Rajoy; Madrid, Comunidad de Madrid; 40.4167047; -3.7035825; 
2015-12-14 22:24:10; Creo que Pedro Snchez ha ganado #CaraACara #ELPAS20D #PSOE https://t.co/PEWefCBeC1; Sedites; neutral; Pedro Sanchez; Girona, Catalunya; 41.9793006; 2.8199439; 
2015-12-14 22:24:04; Resumen del #CaraACara https://t.co/gjZcAc2rV9; Carlos Azaustre; neutral; Ninguno; Valdefuentes, Madrid; 40.2991739; -3.8960415; 
2015-12-14 22:23:52; Creo que Mariano Rajoy ha ganado el #CaraACara #ELPAS20D #PP https://t.co/q3UZ2UNOY0  bien el presidente pattico y mal educado sanchez; Paul Shea - Writer; neutral; Mariano Rajoy; La Nucia, Comunidad Valenciana; 38.6133727; -0.1257319; 
2015-12-14 22:23:34; Definitivamente abandono, ya he decidido mi voto #CaraACara; L.J.Lopez Casero; neutral; Ninguno; Tomelloso, Castilla-La Mancha; 39.1590075; -3.0215098; 
2015-12-14 22:23:32; Qu s aquest no-decorat?? Qu sn aquestes cadires? Qu sn aquests planos? Quin esperpent tot!! #caraacara #vaigTard; Laia Ferrer; neutral; Ninguno; Cabrils, Catalunya; 41.5262354; 2.3676258; 
2015-12-14 22:23:23; Gracioso es que los lderes de los dos partidos ms corruptos de Espaa hablen de anticorrupcin y encima se acusen unos a otros #CARAaCARA; Vicent Ruiz Garcia; neutral; Ninguno; Emperador, Comunidad Valenciana; 39.5540582; -0.3388611; 
2015-12-14 22:23:13; Retrets, retrets i retrets. Res ms. #caraAcara #Debate #CaraACaraL6; MarinaItuero; neutral; Ninguno; Barcelona, Catalonia; 41.3825596; 2.1771353; 
2015-12-14 22:23:01; Si pensis que alguien est ganando esto y est presente en este debate... as va Espaa. Y yo vot a Rajoy. S. Me acuso #CaraACara; Jesus Garrido; neutral; Mariano Rajoy; Valencia, Spain; 39.6819591; -0.7654406; 
2015-12-14 22:22:52; Por favor ese moderador q pinta ah???? Esto es un batiburrillo q me supera #CaraACara; Nuria Ballesteros; neutral; Ninguno; Tres Cantos, Comunidad de Madrid; 40.6065826; -3.7065333; 
2015-12-14 22:22:10; El tratamiento de "usted" muestra un respeto que no demuestran. Atentan contra su significado @sanchezcastejon @marianorajoy #CaraACara; Mar Castro; neutral; Ambos; Lugo, Galicia; 43.0396042; -7.45660706651; 
2015-12-14 22:22:04; @marianorajoy: "usted siempre me sorprende", @sanchezcastejon:"...del reino de Espaa" el #CaraACara es lo d siempre,tu mas ydescalificar..; sonia palenzuela; neutral; Ambos; Sant Pere de Ribes, Catalunya; 41.2619218; 1.7721357; 
2015-12-14 22:21:33; #CaraACaraA3N #CaraACaraL6 #CaraACara la pregunta era sobre Catalunya no???; Mario; neutral; Ninguno; Badalona, Catalunya; 41.4493539; 2.248254; 
2015-12-14 22:21:16; Rivera e Iglesias frotndose las manos con este debate... #CaraACara; Gonzalo Jaquotot; neutral; Ninguno; Madrid, Comunidad de Madrid; 40.4167047; -3.7035825; 
2015-12-14 22:21:15; Creo que Pedro Snchez ha ganado #CaraACara #ELPAS20D #PSOE https://t.co/cLAeOdArNd; LORENZO A. CERVERA; neutral; Pedro Sanchez; Santa Pola, Comunidad Valenciana; 38.1923854; -0.5555727; 
2015-12-14 22:21:13; #CaraACara Y si es echamos del pas a los Dos?; Mifarmaciaencasa; neutral; Ninguno; Madrid, Comunidad de Madrid; 40.4167047; -3.7035825; 
2015-12-14 22:20:56; Un #CaraACara gil, bien realizado, trabajndose los rtulos, la infograZZZZZZZZZZ; Paloma Jara; neutral; Ninguno; Seville, Andalusia; 37.3886303; -5.9953171; 
2015-12-14 22:20:55; Parecen un matrimonio... #CaraACara; Markeel; neutral; Ninguno; Andoain, Euskadi; 43.2183341; -2.019888; 
2015-12-14 22:20:35; Les han preguntado sobre Catalunya y pasan del tema. Mensaje claro a los electores catalanes #CaraACara; Enric Sierra; neutral; Ninguno; Arenys de Mar, Catalunya; 41.5797031; 2.5491562; 
2015-12-14 22:19:35; Creo que Pedro Snchez ha ganado #CaraACara #ELPAS20D #PSOE https://t.co/9E8MNvMMA4; Manuel Cruz; neutral; Pedro Sanchez; Jaen, Andalusia; 37.7728858; -3.7883289; 
2015-12-14 22:19:25; #CaraACara 765.827.875 leyes, Cuantas se aplican?; Mifarmaciaencasa; neutral; Ninguno; Madrid, Comunidad de Madrid; 40.4167047; -3.7035825; 
2015-12-14 22:19:24; Creo que Pedro Snchez ha ganado #CaraACara #ELPAS20D #PSOE; PSOE-A El Ejido; neutral; Pedro Sanchez; Ejido, Andalusia; 36.7753425; -2.8168228; 
2015-12-14 22:19:03; Creo que Pedro Snchez ha ganado #CaraACara #ELPAS20D #PSOE https://t.co/HteWi2gQln; k emosion; neutral; Pedro Sanchez; San Clemente, Castilla-La Mancha; 39.4037093; -2.4274052; 
2015-12-14 22:18:59; Triple chupito Snchez ha dicho Castelln, Valencia, Alicante. Y repetido Alicante. #JetaAJeta #CaraACara; Joan Orquin; neutral; Ninguno; Oliva, Comunidad Valenciana; 38.9201993; -0.1209744; 
2015-12-14 22:18:49; Creo que Pedro Snchez ha ganado #CaraACara #ELPAS20D #PSOE https://t.co/a9IGH3LAoB; Conxa Blasco Gomis; neutral; Pedro Sanchez; Manises, Comunidad Valenciana; 39.492989; -0.4621429; 
2015-12-14 22:18:47; Las descalificaciones y los insultos no dan votos @sanchezcastejon Total ausencia de #ComunicaconEmocional Una pena/gran prdida #CaraACara; Mar Castro; neutral; Pedro Sanchez; Lugo, Galicia; 43.0396042; -7.45660706651; 
2015-12-14 22:18:32; #CaraACara el debate lo van ganando los que no estn: #albertrivera y #pabloiglesias.; Fr. Tonatiuh E.P.; neutral; Ninguno; Madrid, Comunidad de Madrid; 40.4167047; -3.7035825; 
2015-12-14 22:18:23; Creo que Pedro Snchez ha ganado #CaraACara #ELPAS20D #PSOE https://t.co/i5q4Yyrqr2; Miguel Angel Toscano; neutral; Pedro Sanchez; Seville, Andalusia; 37.3886303; -5.9953171; 
2015-12-14 22:17:49; Cada vez hay menos diferencias entre Slvame y este #CaraACara. El viernes pueden ir al Deluxe a cerrar la campaa.; NURIA MONTES; positive; Ninguno; Alicante, Valencia; 38.37564915; -0.531436525455; 
2015-12-14 22:17:37; #CaraACara Por favor q se calle ya ese Seor o diga de una vez que propuestas tiene l. Por cierto el PSOE est limpio de corrupcin???; Nuria Ballesteros; neutral; Ninguno; Tres Cantos, Comunidad de Madrid; 40.6065826; -3.7065333; 
2015-12-14 22:17:32; Menuda vergenza me esta dando el puto cara a cara! Rajoy sera lo q sea, pero la actitud de Pedro Sanchez se la deberia de mirar #CARAaCARA; Pablo Rodriguez Mart; neutral; Ambos; Arapiles, Madrid; 40.43418235; -3.7079227762; 
2015-12-14 22:17:29; Buffff....vergenza ajena es poco.....me cuesta mirar la pantalla!!!!  #CaraACara #CaraACaraL6; aina clotet; neutral; Ninguno; Barcelona, Catalonia; 41.3825596; 2.1771353; 
2015-12-14 22:17:26; Com eviten el tema #catalunya .. "run, mezquino y deleznable" #catalalatac #CaraACara; anduluplandu; neutral; Ninguno; Tarragona, Catalunya; 41.1172364; 1.2546057; 
2015-12-14 22:17:07; Creo que Pedro Snchez ha ganado #CaraACara #ELPAS20D #PSOE https://t.co/5bGHPymDLA; Esther Zamora; neutral; Pedro Sanchez; Honrubia, Castilla-La Mancha; 39.613532; -2.2807538; 
2015-12-14 22:16:28; Rajoy saca EREs.......#caraacara Suena a amenaza si ud sigue por ah, le saco "lo suyo"; Carlos Herranz; neutral; Mariano Rajoy; Paris, Ile-de-France; 48.8565056; 2.3521334; 
2015-12-14 22:16:25; El corresponsal de la BBC en Madrid no entiende que se lleva lo vintage  #CaraACara https://t.co/KlcZv0VMGg; Paloma Jara; neutral; Ninguno; Seville, Andalusia; 37.3886303; -5.9953171; 
2015-12-14 22:16:23; Creo que Pedro Snchez ha ganado #CaraACara #ELPAS20D #PSOE https://t.co/4dUyqEkdRu; Fran27Sesc Colet; neutral; Pedro Sanchez; Barcelona, Catalonia; 41.3825596; 2.1771353; 
2015-12-14 22:16:19; Tiene un problema en los ojos , al final quedan en la salida para hostiarse #CaraACara #CaraACaraA3N  #CaraACaraL6; Luis Alfonso; neutral; Ninguno; Fuenlabrada, Comunidad de Madrid; 40.282476; -3.7923422; 
2015-12-14 22:16:13; Estn en bucle... #Caraacara; Jose Martret; neutral; Ninguno; Madrid, Comunidad de Madrid; 40.4167047; -3.7035825; 
2015-12-14 22:15:49; Pedro vete ya #CaraACara; Laurrrrr; neutral; Pedro Sanchez; Toledo, Castilla-La Mancha; 39.8560679; -4.0239568; 
2015-12-14 22:15:19; #CaraACaraA3N #CaraACaraL6 #CaraACara jajajaj como en el patio del vole! Que te pego eh?? No, no que te pego yo eh???; Mario; neutral; Ninguno; Badalona, Catalunya; 41.4493539; 2.248254; 
2015-12-14 22:15:10; Creo que Pedro Snchez ha ganado #CaraACara #ELPAS20D #PSOE https://t.co/dUz5wvvLpy; Jordi-VotaPSOE; neutral; Pedro Sanchez; Valencia, Spain; 39.6819591; -0.7654406; 
2015-12-14 22:14:50; Para esto quitis @El_Hormiguero ? #CaraACara; 92:48; neutral; Ninguno; Madrid, Comunidad de Madrid; 40.4167047; -3.7035825; 
2015-12-14 22:14:19; Creo que Pedro Snchez ha ganado #CaraACara #ELPAS20D #PSOE https://t.co/5xXXt8jMHw; Ana Boluda; neutral; Pedro Sanchez; Alicante, Valencia; 38.37564915; -0.531436525455; 
2015-12-14 22:14:01; Mariano, esto con Bertn no te pasaba. #CaraACara; Paloma Jara; neutral; Mariano Rajoy; Seville, Andalusia; 37.3886303; -5.9953171; 
2015-12-14 22:13:31; Es el mejor debate de Snchez en tele. Tambin el ms fcil, cierto #Caraacara; Carlos Herranz; neutral; Ninguno; Paris, Ile-de-France; 48.8565056; 2.3521334; 
2015-12-14 22:13:29; Yo no habra puesto mesa.....tipo ring y a hostia libre #CaraACara; FERNANDOGARCIABILBAO; neutral; Ninguno; Moralzarzal, Comunidad de Madrid; 40.6791436; -3.9720985; 
2015-12-14 22:13:22; Ataques a la falta de honradez del contrario, insultos velados y mucha desfachatez @marianorajoy @sanchezcastejon #CaraACara Socoro!!; Mar Castro; neutral; Ambos; Lugo, Galicia; 43.0396042; -7.45660706651; 
2015-12-14 22:13:18; Creo que Pedro Snchez ha ganado #CaraACara #ELPAS20D #PSOE https://t.co/a9IGH3LAoB; Conxa Blasco Gomis; neutral; Pedro Sanchez; Manises, Comunidad Valenciana; 39.492989; -0.4621429; 
2015-12-14 22:12:59; No hay color... #CaraACara https://t.co/uUeW9TQzNg; Charly Brooklyn; neutral; Ninguno; Madrid, Comunidad de Madrid; 40.4167047; -3.7035825; 
2015-12-14 22:12:51; Y en este momento salen las mulillas a recoger el cuerpo de Pedro Snchez #CaraACaraL6 #CaraACara; Asier #SiALosToros; neutral; Pedro Sanchez; Fuenlabrada, Comunidad de Madrid; 40.282476; -3.7923422; 
2015-12-14 22:12:37; "Su intervencin ha sido ruin, mezquina y miserable" le suelta Rajoy. #CaraACara; Carlos Herranz; negative; Mariano Rajoy; Paris, Ile-de-France; 48.8565056; 2.3521334; 
2015-12-14 22:12:31; Es vd Ruiz ruin  #CaraACara; JUAN CARLOS DIAZ; neutral; Ninguno; Paderne de Allariz, Galicia; 42.2715666; -7.7511067; 
2015-12-14 22:12:28; #CaraACara #VERGUENZAAJENA #CaraACaraA3N; Steven Xavier Bullon; neutral; Ninguno; Barcelona, Catalonia; 41.3825596; 2.1771353; 
2015-12-14 22:12:15; La carta de la vecina de Valladolid. Esa va a darle el Gobierno a Pedro #CaraACara; Jesus Garrido; neutral; Pedro Sanchez; Valencia, Spain; 39.6819591; -0.7654406; 
2015-12-14 22:12:10; #CaraACara  hasta resultarn ser pobres... los polticos estn en poltica para ser pobres.... jajajaja; Mifarmaciaencasa; neutral; Ninguno; Madrid, Comunidad de Madrid; 40.4167047; -3.7035825; 
2015-12-14 22:12:02; Creo que Pedro Snchez ha ganado #CaraACara #ELPAS20D #PSOE https://t.co/So1h9xsHYV; Frank Belt; neutral; Pedro Sanchez; Pamplona, Comunidad Foral de Navarra; 42.8185502; -1.6444165; 
2015-12-14 22:11:35; "Yo soy un poltico limpio" @sanchezcastejon La honradez se muestra, no se proclama #CaraACara; Mar Castro; neutral; Pedro Sanchez; Lugo, Galicia; 43.0396042; -7.45660706651; 
2015-12-14 22:11:33; Esa mirada d #Rajoy No la haba visto nunca...ta'enojao'!! #CaraACara #RajoySanchez; Alfonso VazquezWario; neutral; Ambos; Zapopan, Jalisco; 20.7211036; -103.3911247; 
2015-12-14 22:11:26; #caraacara....  "Sr. Rajoy usted no es una persona decente"  Oleeeeee con dos cojones Pedrooooo; Paqui Guijarro; neutral; Ambos; Roses, Catalunya; 42.2632018; 3.1755328; 
2015-12-14 22:10:39; 'Hasta aqu hemos llegado Sr. Snchez' de Rajoy. Momentazo del debate #CaraACara; Carlos Herranz; neutral; Mariano Rajoy; Paris, Ile-de-France; 48.8565056; 2.3521334; 
2015-12-14 22:10:37; "No le voy a hablar de..., ni le voy a hablar de..." Brillante alusin @marianorajoy #CaraACara; Mar Castro; neutral; Mariano Rajoy; Lugo, Galicia; 43.0396042; -7.45660706651; 
2015-12-14 22:10:32; Afirmacin ruizzzzz #CaraACara; Miriam Fdez Rua; neutral; Ninguno; Badajoz, Extremadura; 38.8782064; -6.9701573; 
2015-12-14 22:10:32; Usted es joven y va a perder las elecciones #CaraACara #wtf; Pablo Jimeno; negative; Ninguno; Zaragoza, Aragon; 41.6521342; -0.8809428; 
2015-12-14 22:10:10; #CaraACara pobre se a ofendido; JUAN CARLOS DIAZ; neutral; Ninguno; Paderne de Allariz, Galicia; 42.2715666; -7.7511067; 
2015-12-14 22:09:46; Control en el mensaje, control de las manos, control de la cara, y el control del ataque al contrincante? Aporten, no ataquen #CaraACara; Mar Castro; neutral; Ninguno; Lugo, Galicia; 43.0396042; -7.45660706651; 
2015-12-14 22:09:26; Rajoy: "Soy un poltico honrado."  JAJAJAJAJAJAJAJAJAJAJAJAJAJAJAJAJAJAJAJAJAJAJAJAJA #CaraACara; #ANTI; neutral; Mariano Rajoy; Arona, Islas Canarias; 28.05773365; -16.7260251641; 
2015-12-14 22:09:15; #CaraACaraA3N #CaraACaraL6 #CaraACara 26 preguntas ORALES! ojo ORALES!! que si fueran ANALES...; Mario; neutral; Ninguno; Badalona, Catalunya; 41.4493539; 2.248254; 
2015-12-14 22:08:16; Para que resulte ms interesante la pelcula de la 2 como estar siendo el #CaraACara @PSOE @PPopular @ahorapodemos @CiudadanosCs; Oscar Fernandez; neutral; Ninguno; Madrid, Comunidad de Madrid; 40.4167047; -3.7035825; 
2015-12-14 22:08:08; Est la cosa tan vibrante que he llegado a pensar que un terremoto asolaba Espaa #CaraACaraL6 #CaraACaraA3N #CaraAcara; Luis Alfonso; neutral; Ninguno; Fuenlabrada, Comunidad de Madrid; 40.282476; -3.7923422; 
2015-12-14 22:08:05; Creo que Pedro Snchez ha ganado #CaraACara #ELPAS20D #PSOE https://t.co/rFeH0AMI38; Juan Jose Martinez; neutral; Pedro Sanchez; Alpuente, Comunidad Valenciana; 39.8759884; -1.0137762; 
2015-12-14 22:07:41; Socialist leader brings up corruption &amp; says Rajoy should have resigned over Barcenas slush fund. #CaraACara #20d; Pablo Foley Elias; neutral; Mariano Rajoy; Madrid, Comunidad de Madrid; 40.4167047; -3.7035825; 
2015-12-14 22:07:33; Rajoy esperando a contraatacar en el bloque dedicado al futbol. Snchez prefiere el baloncesto #CaraACaaraA3N #CaraACara #CaraACaraL6; Cristina Salvador; neutral; Mariano Rajoy; Barcelona, Catalonia; 41.3825596; 2.1771353; 
2015-12-14 22:07:29; Creo que Pedro Snchez ha ganado #CaraACara #ELPAS20D #PSOE https://t.co/0BkjM5rBqA; inma; neutral; Pedro Sanchez; Valencia, Spain; 39.6819591; -0.7654406; 
2015-12-14 22:06:58; @PSOE #caraacara #RajoyYaNoCuela #PedroPresidente; pilar diaz; neutral; Ambos; Madrid, Comunidad de Madrid; 40.4167047; -3.7035825; 
2015-12-14 22:06:49; Apasionante el #CaraACara pero maana sonar el despertador a las 5 y cuarto.; Javier Alonso; neutral; Ninguno; Talavera de la Reina, Castilla-La Mancha; 39.96071; -4.8299634; 
2015-12-14 22:06:41; #caraacara me aburro me aburro me aburro https://t.co/Q7cWdg0VHT; Sergio Bertinat; neutral; Ninguno; Nijmegen, Gelderland; 51.84260195; 5.83851961199; 
2015-12-14 22:06:40; Pedro @sanchezcastejon est ganando el #CaraACara #ELPAS20D  https://t.co/CoduLSTQyp #GanaPedroGanasT #GanaPedroGanasT #GanaPedroGanasT; Julio Bassets; neutral; Pedro Sanchez; Melilla, Ciudad de Melilla; 35.29995185; -2.93971456964; 
2015-12-14 22:06:23; Por fin empiezan a enumerar, breve y contundente @marianorajoy Benditas manos! #CaraACara; Mar Castro; neutral; Mariano Rajoy; Lugo, Galicia; 43.0396042; -7.45660706651; 
2015-12-14 22:05:55; La cuenta atrs al volver de publicidad ha sido muy vibrante tambin #CaraACaraL6 #CaraACara; Luis Alfonso; neutral; Ninguno; Fuenlabrada, Comunidad de Madrid; 40.282476; -3.7923422; 
2015-12-14 22:05:48; Creo que Pedro Snchez ha ganado #CaraACara #ELPAS20D #PSOE https://t.co/FhxuGwWlfB; Tovarich Sabroso; neutral; Pedro Sanchez; Enguera, Comunidad Valenciana; 38.9802279; -0.6891945; 
2015-12-14 22:05:45; Rajoy es purita caspa #CaraACara; Miriam Fdez Rua; neutral; Mariano Rajoy; Badajoz, Extremadura; 38.8782064; -6.9701573; 
2015-12-14 22:05:40; Creo que Mariano Rajoy ha ganado el #CaraACara #ELPAS20D #PP https://t.co/pjENsjr334; Alicia Ruiz Barroso; neutral; Mariano Rajoy; Madrid, Comunidad de Madrid; 40.4167047; -3.7035825; 
2015-12-14 22:05:36; Creo que Pedro Snchez va ganado #CaraACara #ELPAS20D #PSOE https://t.co/3EPe5e9kQI; Julia; neutral; Pedro Sanchez; Vigo, Galicia; 42.2376602; -8.7247205; 
2015-12-14 22:05:26; Creo que Pedro Snchez ha ganado #CaraACara #ELPAS20D #PSOE https://t.co/kEgBFEZt3Y; damian rodriguez gar; neutral; Pedro Sanchez; Madrid, Comunidad de Madrid; 40.4167047; -3.7035825; 
2015-12-14 22:05:20; Live debate between Spanish PM @marianorajoy &amp; socialist @PSOE leader @sanchezcastejon Gets heated over equality &amp; economy. #CaraACara #20d; Pablo Foley Elias; positive; Ambos; Madrid, Comunidad de Madrid; 40.4167047; -3.7035825; 
2015-12-14 22:05:11; Admirado #CampoVidal habla menos en la presentacin por bloque y modera algo ms. No escucho... @sanchezcastejon @marianorajoy #CaraACara; Mar Castro; neutral; Ambos; Lugo, Galicia; 43.0396042; -7.45660706651; 
2015-12-14 22:05:08; Creo que Pedro Snchez ha ganado #CaraACara #ELPAS20D #PSOE https://t.co/tby75Rrefy; Lana Banana; neutral; Pedro Sanchez; Miguelturra, Castilla-La Mancha; 38.9648147; -3.8898604; 
2015-12-14 22:04:38; Vibrante?, oh, s, mucho, al nivel de la vida de un koala #CaraACaraL6 #CaraACara; Luis Alfonso; neutral; Ninguno; Fuenlabrada, Comunidad de Madrid; 40.282476; -3.7923422; 
2015-12-14 22:04:24; Lo que est claro es que la Academia de la Televisin ha recortado en realizadores. Dramn de planos... #CaraACara; Fernando Ballester; neutral; Ninguno; Valencia, Spain; 39.6819591; -0.7654406; 
2015-12-14 22:03:34; Es lo que tiene la edad......no se le notan los 97 aos #CaraACara  https://t.co/OJC8tBTHEW; FERNANDOGARCIABILBAO; neutral; Ninguno; Moralzarzal, Comunidad de Madrid; 40.6791436; -3.9720985; 
2015-12-14 22:03:26; Creo que Pedro Snchez ha ganado #CaraACara #ELPAS20D #PSOE https://t.co/7WJlAjnZqe; Olga Gonzalez; neutral; Pedro Sanchez; Madrid, Comunidad de Madrid; 40.4167047; -3.7035825; 
2015-12-14 22:03:20; Yo tambin he pensado en el fin del mundo en la cuenta atrs. ....DIOS QUE SUSTO!! #CaraACaraL6 #CaraACara; Asier #SiALosToros; neutral; Ninguno; Fuenlabrada, Comunidad de Madrid; 40.282476; -3.7923422; 
2015-12-14 22:03:15; #CaraACara Es que nadie va a decir nada de la mierda de msica que le han puesto al debate???; Carlos Toledano; neutral; Ninguno; Cordova, Andalusia; 37.8844874; -4.7795023; 
2015-12-14 22:03:11; Creo que Pedro Snchez ha ganado #CaraACara #ELPAS20D #PSOE https://t.co/yBXJVhJKBs; amparo herranz; neutral; Pedro Sanchez; Madrid, Comunidad de Madrid; 40.4167047; -3.7035825; 
2015-12-14 22:03:01; Primera vez en la historia de los debates electorales que pierden los dos contrincantes. #JetaAJeta #CaraACara; Joan Orquin; neutral; Ninguno; Oliva, Comunidad Valenciana; 38.9201993; -0.1209744; 
2015-12-14 22:02:50; Creo que Pedro Snchez ha ganado #CaraACara #ELPAS20D #PSOE https://t.co/7sKdLv51YH; Deivid; neutral; Pedro Sanchez; Palmas de Gran Canaria, Canary Islands; 28.1287799; -15.4350514; 
2015-12-14 22:02:49; Hoy gana Pedro el #CaraaCara . Y el #20D si #GanaPedroganasT - Ve a votar para ganar: vota @PSOE; Jose; neutral; Pedro Sanchez; Madrid, Comunidad de Madrid; 40.4167047; -3.7035825; 
2015-12-14 22:02:40; Pensionistas espaoles...  Apaguen los televisores!! Evitarn escuchar ofertas surrealistas... #CaraACara; Mar Castro; neutral; Ninguno; Lugo, Galicia; 43.0396042; -7.45660706651; 
2015-12-14 22:02:13; El uno diciendo que fjate t qu importante el rescate, el otro que no ha habido recortes... Nos quejamos de vicio en Espaa. #CaraACara; Vanesa Ramos; neutral; Ninguno; Zaragoza, Aragon; 41.6521342; -0.8809428; 
2015-12-14 22:01:53; Creo que Pedro Snchez ha ganado #CaraACara #ELPAS20D #PSOE https://t.co/J1QJMyE1T1; LUIS ANGEL C; neutral; Pedro Sanchez; Oviedo, Principado de Asturias; 43.3533424; -5.87951423953; 
2015-12-14 22:01:15; #CaraACara le ha salido coleta a @sanchezcastejon O me lo parece? #PedroYaNoCuela; Javier Burriel; neutral; Pedro Sanchez; Aragon, Spain; 41.3787291; -0.7639373; 
2015-12-14 22:01:04; Si ya tena dudas de qu votar, despus del #CaraACara creo que el #20D me dedicar a montar el beln #CaraACaraL6; Isaac Mullor; neutral; Ninguno; Valencia, Spain; 39.6819591; -0.7654406; 
2015-12-14 22:00:46; Nadie va a hablar del pelo lila del presentador del #caraacara ?; Fernando Carreras; neutral; Ninguno; Cuenca, Castilla-La Mancha; 40.0681156; -2.1348241; 
2015-12-14 22:00:35; Creo que Pedro Snchez ha ganado #CaraACara #ELPAS20D #PSOE https://t.co/IQ5fSVHjYN; maria guerra; neutral; Pedro Sanchez; Ferrol, Galicia; 43.4846862; -8.233162; 
2015-12-14 22:00:31; Creo que Pedro Snchez ha ganado #CaraACara #ELPAS20D #PSOE https://t.co/2VuSl1CXIM; Fran; neutral; Pedro Sanchez; Talavera de la Reina, Castilla-La Mancha; 39.96071; -4.8299634; 
2015-12-14 22:00:22; Creo que Pedro Snchez ha ganado #CaraACara #ELPAS20D #PSOE https://t.co/EW2NjT2Uj9; FRANCISCO COLOM; neutral; Pedro Sanchez; Elda, Comunidad Valenciana; 38.4789671; -0.7956759; 
2015-12-14 22:00:15; Creo que Pedro Snchez ha ganado #CaraACara #ELPAS20D #PSOE https://t.co/HtKIxkiimJ; Charly18; neutral; Pedro Sanchez; La Haba, Extremadura; 38.9189612; -5.8019183; 
2015-12-14 21:59:58; Qu farem d'aquest tipus de debats sense twitter? #zzzzzz #CaraACaraL6 #CaraACaaraA3N #CaraACara; Cristina Salvador; neutral; Ninguno; Barcelona, Catalonia; 41.3825596; 2.1771353; 
2015-12-14 21:59:56; #CaraACara  Usar la violencia contra las mujeres como arma electoral es simplemente vomitivo @sanchezcastejon; NURIA MONTES; neutral; Pedro Sanchez; Alicante, Valencia; 38.37564915; -0.531436525455; 
2015-12-14 21:59:55; Creo que Pedro Snchez ha ganado #CaraACara #ELPAS20D #PSOE https://t.co/NQLU0osrPi; Juan Agulleiro; neutral; Pedro Sanchez; Tapia de Casariego, Principado de Asturias; 43.5692; -6.9437; 
2015-12-14 21:59:49; Creo que Pedro Snchez ha ganado #CaraACara #ELPAS20D #PSOE https://t.co/9E7Ts0eUuY; Alex Segura Cordero; neutral; Pedro Sanchez; Picanya, Comunidad Valenciana; 39.4355947; -0.4359054; 
2015-12-14 21:59:36; El mejor momento del debate, los anuncios #CaraACara .... "Esta la pago yo"; FERNANDOGARCIABILBAO; neutral; Ninguno; Moralzarzal, Comunidad de Madrid; 40.6791436; -3.9720985; 
2015-12-14 21:59:34; https://t.co/Paxn4f3qSW #CaraACaraL6 #caraacara; Iu Vela; neutral; Ninguno; Dublin City, Ireland; 53.35457385; -6.28105931974; 
2015-12-14 21:59:32; Rollo total. Con Herzog y Garzn es mas entretenido. #ElDebate #CaraACaraL6 #CaraACara #ElVerdaderoDebate; Maestro Benavent; neutral; Ninguno; Alboraya, Comunidad Valenciana; 39.5009954; -0.34948; 
2015-12-14 21:59:31; Cuando Rajoy dice q no ha recortado en dependencia, se referir a los cuidados recibidos por su padre? https://t.co/GDVojHSeaN  #CaraACara; Nuria; neutral; Mariano Rajoy; Paiporta, Comunidad Valenciana; 39.4288431; -0.4193767; 
2015-12-14 21:59:27; Sr Rajoy djenos a las mujeres la decisin de ser madres o no. #CaraACara #PedroPresidente; Ana Maria Ramos Mora; neutral; Ambos; Mutxamel, Comunidad Valenciana; 38.4134445; -0.4451504; 
2015-12-14 21:59:10; Creo que Pedro Snchez ha ganado #CaraACara #ELPAS20D #PSOE https://t.co/lN5PJCfxyV; Stay Strong; neutral; Pedro Sanchez; Badalona, Catalunya; 41.4493539; 2.248254; 
2015-12-14 21:58:51; Creo que Mariano Rajoy ha ganado el #CaraACara #ELPAS20D #PP https://t.co/oo8bMH2tEL; Hassan Driss Bouyema; neutral; Mariano Rajoy; Melilla, Ciudad de Melilla; 35.29995185; -2.93971456964; 
2015-12-14 21:58:40; Creo que Mariano Rajoy ha ganado el #CaraACara #ELPAS20D #PP https://t.co/OMN1fFFDf2; Gonzalo Esperanza; neutral; Mariano Rajoy; Pulgar, Castilla-La Mancha; 39.693534; -4.1528876; 
2015-12-14 21:58:30; Creo que Pedro Snchez ha ganado #CaraACara #ELPAS20D #PSOE https://t.co/jsHk0Z4h2R; luiscampillo; neutral; Pedro Sanchez; Cabrales, Principado de Asturias; 43.2682809; -4.82685577235; 
2015-12-14 21:58:22; Creo que Pedro Snchez ha ganado #CaraACara #ELPAS20D #PSOE https://t.co/CvuY8neNJ7; natalia manzano; neutral; Pedro Sanchez; Vigo, Galicia; 42.2376602; -8.7247205; 
2015-12-14 21:58:15; #caraAcara......#jetaAjeta!!!!!!!!; Carlos Toledano; neutral; Ninguno; Cordova, Andalusia; 37.8844874; -4.7795023; 
2015-12-14 21:58:08; #CaraACara calienta Guti en la banda...; jose ramon; neutral; Ninguno; Oleiros, Galicia; 43.3330859; -8.3170202; 
2015-12-14 21:57:50; Creo que Pedro Snchez ha ganado #CaraACara #ELPAS20D #PSOE https://t.co/NLXqbs4MxJ; Manuel; neutral; Pedro Sanchez; Boadilla del Monte, Comunidad de Madrid; 40.4053485; -3.8764663; 
2015-12-14 21:57:47; Creo que Pedro Snchez ha ganado #CaraACara #ELPAS20D #PSOE https://t.co/GBOKJNqNOK; Apoyo a Enrique GH16; neutral; Pedro Sanchez; Daimiel, Castilla-La Mancha; 39.072196; -3.6143611; 
2015-12-14 21:57:39; Creo que Pedro Snchez ha ganado #CaraACara #ELPAS20D #PSOE https://t.co/a10DM4DwZE; Miguel Pina; neutral; Pedro Sanchez; Fuenlabrada, Comunidad de Madrid; 40.282476; -3.7923422; 
2015-12-14 21:57:31; #CaraACara. Van a hablar de los derechos de los Elfos?; Mifarmaciaencasa; neutral; Ninguno; Madrid, Comunidad de Madrid; 40.4167047; -3.7035825; 
2015-12-14 21:57:30; Creo que Pedro Snchez ha ganado #CaraACara #ELPAS20D #PSOE https://t.co/aw3poKKUUO; jordi gonzalez; neutral; Pedro Sanchez; Barcelona, Catalonia; 41.3825596; 2.1771353; 
2015-12-14 21:57:26; Creo que Mariano Rajoy ha ganado el #CaraACara #ELPAS20D #PP https://t.co/NnTXtBwrTv; Ricardo; neutral; Mariano Rajoy; Arteixo, Galicia; 43.3045943; -8.508275; 
2015-12-14 21:57:18; @AnquitaIP @academia_tv Me estoy viniendo abajo....#CaraACara o #BarataABarata ..... la de tonteras que se me ocurren....; FERNANDOGARCIABILBAO; neutral; Ninguno; Moralzarzal, Comunidad de Madrid; 40.6791436; -3.9720985; 
2015-12-14 21:57:15; Creo que Mariano Rajoy ha ganado el #CaraACara #ELPAS20D #PP https://t.co/un0C5dX7qa; piyellow; neutral; Mariano Rajoy; Chiva, Comunidad Valenciana; 39.4713797; -0.7197087; 
2015-12-14 21:57:06; Creo que Mariano Rajoy ha ganado el #CaraACara #ELPAS20D #PP https://t.co/yXlce0gkeA #PartidoPopular #yovotoPP @marianorajoy; Almu; neutral; Mariano Rajoy; Coslada, Comunidad de Madrid; 40.423802; -3.5552882; 
2015-12-14 21:57:05; Medio debate fuera... Ya queda menos para un final muy deseado gracias a las pobres intervenciones #CaraACara; Mar Castro; neutral; Ninguno; Lugo, Galicia; 43.0396042; -7.45660706651; 
2015-12-14 21:56:44; Cierto q #CaraACara tiene anacronismo cn 2 candidatos...pero Cs y Ps no estn para criticar ciertas legitimidades q ellos obvian cnd quieren; Carlos Herranz; neutral; Ninguno; Paris, Ile-de-France; 48.8565056; 2.3521334; 
2015-12-14 21:56:35; El moderador dice que estamos en la media parte del debate. #CaraACara; Javier Alonso; neutral; Ninguno; Talavera de la Reina, Castilla-La Mancha; 39.96071; -4.8299634; 
2015-12-14 21:56:35; Creo que Mariano Rajoy ha ganado el #CaraACara #ELPAS20D #PP https://t.co/0s59k3xlWT; Borja Pardo; neutral; Mariano Rajoy; Albacete, Castilla-La Mancha; 38.9951049; -1.8559613; 
2015-12-14 21:56:34; #CARAaCARA hasta ahora no he sido capaz de or nada nuevo; Gustavo Reimers; neutral; Ninguno; Madrid, Comunidad de Madrid; 40.4167047; -3.7035825; 
2015-12-14 21:55:54; #CaraAcara que le digan al moderador que no corte a rajoy; Jose Olivares; neutral; Ninguno; Cuenca, Castilla-La Mancha; 40.0681156; -2.1348241; 
2015-12-14 21:55:54; #CaraACaraA3N #CaraACaraL6 #CaraACara se va a tirar @marianorajoy diciendole a @sanchezcastejon que explique lo que ha dicho; Mario; neutral; Ambos; Badalona, Catalunya; 41.4493539; 2.248254; 
2015-12-14 21:55:51; #CaraACara la reforma laboral solo fu buena para las colas del paro,pero para aumentarlas!!!!; jose ramon; neutral; Ninguno; Oleiros, Galicia; 43.3330859; -8.3170202; 
2015-12-14 21:55:29; Nadie le ha avisado que iba a un partido de tenis? Nooooooo..... #CaraACara  https://t.co/taM9vNlVfq; FERNANDOGARCIABILBAO; neutral; Ninguno; Moralzarzal, Comunidad de Madrid; 40.6791436; -3.9720985; 
2015-12-14 21:55:23; Creo que Mariano Rajoy ha ganado el #CaraACara #ELPAS20D #PP https://t.co/rnaeEs36ZV; Populares Muro; neutral; Mariano Rajoy; Muro de Alcoy, Comunidad Valenciana; 38.7806171; -0.4358479; 
2015-12-14 21:55:07; Y si seores, todas las encuestas los dan 1 y 2!!! Marca Espaa por los cojones #CaraACara #CaraACaraL6; Ricardo Adriasola; neutral; Ninguno; Alicante, Valencia; 38.37564915; -0.531436525455; 
2015-12-14 21:54:53; Creo que Pedro Snchez ha ganado #CaraACara #ELPAS20D #PSOE https://t.co/ZD1wOVMFtd; ilenia; neutral; Pedro Sanchez; Malaga, Andalusia; 36.7210805; -4.4210409; 
2015-12-14 21:54:52; Pobre debate: mucho guin memorizado, poco dinamismo, palabras huecas apelando a emociones, gestos controlados, naturalidad poca #CaraACara; Mar Castro; neutral; Ninguno; Lugo, Galicia; 43.0396042; -7.45660706651; 
2015-12-14 21:54:51; #CaraACara papelitos de #Rajoy con colores, papelitos de #pedrosanchez con los mismos colores... Estamos en los 80? #backtothefuture; Number 5; neutral; Mariano Rajoy; Budapest, Hungary; 47.4983815; 19.0404707; 
2015-12-14 21:54:47; Que acabe este #caraacara tan arcaico y que empiece ya el anlisis con los partidos emergentes!!!; Jose Martret; neutral; Ninguno; Madrid, Comunidad de Madrid; 40.4167047; -3.7035825; 
2015-12-14 21:54:39; Creo que Pedro Snchez ha ganado #CaraACara #ELPAS20D #PSOE  https://t.co/IpEbkdeQ5M; Calvillo Senior; neutral; Pedro Sanchez; Hospitalet de Llobregat, Catalonia; 41.3598601; 2.0997927; 
2015-12-14 21:54:38; Creo que Pedro Snchez ha ganado #CaraACara #ELPAS20D #PSOE https://t.co/9QAK8EU5Ve; Carmen Cesteros; neutral; Pedro Sanchez; Madrid, Comunidad de Madrid; 40.4167047; -3.7035825; 
2015-12-14 21:54:29; Creo que Pedro Snchez ha ganado #CaraACara #ELPAS20D #PSOE; Pedro La Camera Ruan; neutral; Pedro Sanchez; Palmas de Gran Canaria, Canary Islands; 28.1287799; -15.4350514; 
2015-12-14 21:54:10; Lo siento pero no me est gustando nada el #CaraACara, ni visualmente, ni en contenido... Y quedan otros 50 minutos; Santi Botella; neutral; Ninguno; Valencia, Spain; 39.6819591; -0.7654406; 
2015-12-14 21:54:08; Eh eh eh mas cosas con colores! #CaraACaraL6 #CaraACara #CaraACaraA3N vamos que nos vamos; Mario; neutral; Ninguno; Badalona, Catalunya; 41.4493539; 2.248254; 
2015-12-14 21:54:06; El nico #CaraACara que tendra yo es contigo! ; Andrespena; neutral; Ninguno; Alicante, Valencia; 38.37564915; -0.531436525455; 
2015-12-14 21:54:05; #CARAaCARA y el presentador: FATAL!!!; Gustavo Reimers; neutral; Ninguno; Madrid, Comunidad de Madrid; 40.4167047; -3.7035825; 
2015-12-14 21:53:38; Yo dejara hablar ms a Campo Vidal......#CaraACara; FERNANDOGARCIABILBAO; neutral; Ninguno; Moralzarzal, Comunidad de Madrid; 40.6791436; -3.9720985; 
2015-12-14 21:53:28; Creo que Pedro Snchez ha ganado #CaraACara #ELPAS20D #PSOE https://t.co/nVAk6ggsi6; Sonia Sada; neutral; Pedro Sanchez; Sabadell, Catalunya; 41.5421013; 2.1138977; 
2015-12-14 21:52:55; Aqu ya hay un claro ganador dl #caraacara. Los espaoles que aguantamos a ambos. #caraacaratve #caraacara2015 #caraacaraa3n #caraacaral6; mamade7; neutral; Ninguno; Seville, Andalusia; 37.3886303; -5.9953171; 
2015-12-14 21:52:45; Creo que Mariano Rajoy ha ganado el #CaraACara #ELPAS20D #PP https://t.co/4dmfPB4Pkr; Maria Rubio Rguez; neutral; Mariano Rajoy; Alcobendas, Comunidad de Madrid; 40.5400082; -3.6358494; 
2015-12-14 21:52:37; Creo que Pedro Snchez ha ganado #CaraACara #ELPAS20D #PSOE https://t.co/2mNtWhUA00; Manuel Martinez; neutral; Pedro Sanchez; San Juan de Alicante, Comunidad Valenciana; 38.4014188; -0.4359408; 
2015-12-14 21:52:26; Creo que Pedro Snchez ha ganado #CaraACara #ELPAS20D #PSOE https://t.co/i5q4Yyrqr2; Miguel Angel Toscano; neutral; Pedro Sanchez; Seville, Andalusia; 37.3886303; -5.9953171; 
2015-12-14 21:52:24; #CaraACara los folios estaran reortados????; jose ramon; neutral; Ninguno; Oleiros, Galicia; 43.3330859; -8.3170202; 
2015-12-14 21:52:01; Est claro que el gobierno Rajoy no recorta, arranca, si no, pregunten a las hojas de libreta que tiene en la mano #CaraACaraL6 #Caraacara; Enrique Bencomo; neutral; Mariano Rajoy; Santa Cruz de Tenerife, Islas Canarias; 28.467857; -16.2612883; 
2015-12-14 21:51:44; #CaraACaraL6 #CaraACara #CaraACaraL6 otra grfica ahora de @marianorajoy pero esta mas pattica,solo 2 columnas.Por favor cursos de grficas; Mario; neutral; Mariano Rajoy; Badalona, Catalunya; 41.4493539; 2.248254; 
2015-12-14 21:51:43; Quizs estemos asistiendo al ltimo #CaraACara de la historia...; Carlos Herranz; neutral; Ninguno; Paris, Ile-de-France; 48.8565056; 2.3521334; 
2015-12-14 21:51:37; Porque no les quitan los papeles y hacen un debate en vez de leer los apuntes #CaraACara; Ramon Casamayor; neutral; Ninguno; Barcelona, Catalonia; 41.3825596; 2.1771353; 
2015-12-14 21:51:37; Que mi padre dice que esto parece una conversacin de verduleras. #taluego #caraAcara; Boa; neutral; Ninguno; Seville, Andalusia; 37.3886303; -5.9953171; 
2015-12-14 21:51:24; Creo que Pedro Snchez ha ganado #CaraACara #ELPAS20D #PSOE https://t.co/PuPjk0yjJF; Alejandro Santos; neutral; Pedro Sanchez; Leon, Castille and Leon; 42.63414505; -5.97141500454; 
2015-12-14 21:51:23; Rajoy: "Conviene decir la verdad" #CaraACara #JetaAJeta Ahora s Mariano? En el final de campaa de 2004 no haca falta; Joan Orquin; neutral; Mariano Rajoy; Oliva, Comunidad Valenciana; 38.9201993; -0.1209744; 
2015-12-14 21:51:09; Planos enseando papeles. Peligro de memes. #CaraACara; Javier Alonso; neutral; Ninguno; Talavera de la Reina, Castilla-La Mancha; 39.96071; -4.8299634; 
2015-12-14 21:51:06; Antigua la formula, antiguo el presentador, antiguo el decorado... Ufff... @_anapastor_ y Antonio G Ferreras donde estis???  #caraacara; Jose Martret; neutral; Ninguno; Madrid, Comunidad de Madrid; 40.4167047; -3.7035825; 
2015-12-14 21:51:05; Creo que Pedro Snchez ha ganado #CaraACara #ELPAS20D #PSOE https://t.co/dUz5wvvLpy; Jordi-VotaPSOE; neutral; Pedro Sanchez; Valencia, Spain; 39.6819591; -0.7654406; 
2015-12-14 21:50:32; #CaraACara Ms que gobernar lo que han hecho es que nosotros paguemos su fiesta.; Mifarmaciaencasa; neutral; Ninguno; Madrid, Comunidad de Madrid; 40.4167047; -3.7035825; 
2015-12-14 21:50:15; Rajoy ensendole a Sanchez una hoja arrancada de una libreta. Eso s que es austeridad #CaraACara; Guille Vidal; neutral; Ambos; Madrid, Comunidad de Madrid; 40.4167047; -3.7035825; 
2015-12-14 21:50:00; #CaraACaraA3N #CaraACaraL6 #CaraACara que alguien le de la pastilla sublingual a @marianorajoy que se le va el ojo ya!; Mario; neutral; Mariano Rajoy; Badalona, Catalunya; 41.4493539; 2.248254; 
2015-12-14 21:49:42; @sanchezcastejon introduce brevemente el #storytelling... Esto promete!! #CaraACara Solo falta que limpien la mesa y se la lleven ;-); Mar Castro; positive; Pedro Sanchez; Lugo, Galicia; 43.0396042; -7.45660706651; 
2015-12-14 21:49:41; Creo que Pedro Snchez ha ganado #CaraACara #ELPAS20D #PSOE https://t.co/qFKDkWOi4v; Basilio Lorenzo; neutral; Pedro Sanchez; Camberwell, London; 51.4745706; -0.0925416; 
2015-12-14 21:49:34; Rajoy, quitale los bordes al folio.  #CaraACara; Wizard.; neutral; Mariano Rajoy; Zarza la Mayor, Extremadura; 39.8760644; -6.8616517; 
2015-12-14 21:49:07; Creo que Mariano Rajoy ha ganado el #CaraACara #ELPAS20D #PP https://t.co/ifQdMVEKX4; Juan Cimarra; neutral; Mariano Rajoy; Madrid, Comunidad de Madrid; 40.4167047; -3.7035825; 
2015-12-14 21:48:40; Cuando recurras a la #ComunicacinEmocional @sanchezcastejon introduce silencios y ralentiza la velocidad. Ganars credibilidad #CaraACara; Mar Castro; neutral; Pedro Sanchez; Lugo, Galicia; 43.0396042; -7.45660706651; 
2015-12-14 21:48:36; Este debate sin las fuerzas emergentes NO TIENE NINGN SENTIDO!!! Que antiguo es todo... No lo soporto!!! #caraacara; Jose Martret; neutral; Ninguno; Madrid, Comunidad de Madrid; 40.4167047; -3.7035825; 
2015-12-14 21:48:33; Manuel Campo Vidal es el Rolling de los #CaraACara; Paloma Jara; neutral; Ninguno; Seville, Andalusia; 37.3886303; -5.9953171; 
2015-12-14 21:48:26; Creo que Pedro Snchez ha ganado #CaraACara #ELPAS20D #PSOE https://t.co/uFRESeKBCi; Pere Piqueras ; neutral; Pedro Sanchez; Girona, Catalunya; 41.9793006; 2.8199439; 
2015-12-14 21:48:18; #CaraACara Ambos se han cargado a medios,  abogados,  farmacuticos,  procuradores, arquitectos, comerciantes...; Mifarmaciaencasa; neutral; Ninguno; Madrid, Comunidad de Madrid; 40.4167047; -3.7035825; 
2015-12-14 21:48:18; #CaraACara lo mas repetido "seor Rajoy"; jose ramon; neutral; Mariano Rajoy; Oleiros, Galicia; 43.3330859; -8.3170202; 
2015-12-14 21:48:13; #CaraACaraA3N #CaraACaraL6 #CaraACara cuanto Hastag me cago en to. Que me hagan una grfica; Mario; neutral; Ninguno; Badalona, Catalunya; 41.4493539; 2.248254; 
2015-12-14 21:48:10; Creo que Pedro Snchez ha ganado #CaraACara #ELPAS20D #PSOE https://t.co/IdvyqJkkse; Olga Arenillas; neutral; Pedro Sanchez; Basauri, Euskadi; 43.2353636; -2.8921975; 
2015-12-14 21:48:09; Creo que Mariano Rajoy ha ganado el #CaraACara #ELPAS20D #PP https://t.co/NKGHaYhfvx; Populares de Camas; neutral; Mariano Rajoy; Seville, Andalusia; 37.3886303; -5.9953171; 
2015-12-14 21:47:57; Creo que Pedro Snchez ha ganado #CaraACara #ELPAS20D #PSOE https://t.co/CBd76M4g6Q; PSOE Velilla; neutral; Pedro Sanchez; Velilla de San Antonio, Comunidad de Madrid; 40.367166; -3.4874435; 
2015-12-14 21:47:54; Cuando Snchez corta a Rajoy creo que le hace un favor, porque cuanto ms habla ms la caga #CaraACara; Marcos; neutral; Mariano Rajoy; Barcelona, Catalonia; 41.3825596; 2.1771353; 
2015-12-14 21:47:07; Rajoy hablando de aos 2008 y 2009 como los aos buenos, cuando en 2008 perdi las elecciones por hablar de la crisis. #JetaAJeta #CaraACara; Joan Orquin; neutral; Mariano Rajoy; Oliva, Comunidad Valenciana; 38.9201993; -0.1209744; 
2015-12-14 21:47:01; Entre Mariano y Pedro ....Creo que Pedro Snchez est ganando el #CaraACara #ELPAS20D #PSOE https://t.co/6BXSfA4I5l; ForaPP-AdeuRajoy; neutral; Ambos; Strasbourg, Alsace; 48.584614; 7.7507127; 
2015-12-14 21:46:56; #CaraACara A quin le interesa si hubo rescate o no... la realidad es que los dos partidos han estafado a los espaoles....; Mifarmaciaencasa; neutral; Ninguno; Madrid, Comunidad de Madrid; 40.4167047; -3.7035825; 
2015-12-14 21:46:42; Risas con el debate no hay ms  #fandelmoderador #CaraACara; Nerea Puga; neutral; Ninguno; Lerida, Catalonia; 41.6147605; 0.6267842; 
2015-12-14 21:46:19; Bueno est quedando claro q esto no es lo q queremos ms #caraacara #CaraACara2015; Ricardo Adriasola; neutral; Ninguno; Alicante, Valencia; 38.37564915; -0.531436525455; 
2015-12-14 21:46:18; Creo que Pedro Snchez ha ganado #CaraACara #ELPAS20D #PSOE https://t.co/i5q4Yyrqr2; Miguel Angel Toscano; neutral; Pedro Sanchez; Seville, Andalusia; 37.3886303; -5.9953171; 
2015-12-14 21:46:02; #CaraACara Rajoy tendr que volver al oculista porque no v los graficos......; jose ramon; neutral; Mariano Rajoy; Oleiros, Galicia; 43.3330859; -8.3170202; 
2015-12-14 21:45:58; Creo que Pedro Snchez ha ganado #CaraACara #ELPAS20D #PSOE https://t.co/3LMTZAtHNH; Mati Ramos; neutral; Pedro Sanchez; Castellon de la Plana, Valencia; 39.9859953; -0.0374353; 
2015-12-14 21:45:42; Creo que Pedro Snchez ha ganado #CaraACara #ELPAS20D #PSOE https://t.co/N7WX77AUzk; Cosme Modolell; neutral; Pedro Sanchez; Badalona, Catalunya; 41.4493539; 2.248254; 
2015-12-14 21:45:37; Creo que Pedro Snchez ha ganado #CaraACara #ELPAS20D #PSOE https://t.co/JuPDtsKA7E; Adrianama; neutral; Pedro Sanchez; Barcelona, Catalonia; 41.3825596; 2.1771353; 
2015-12-14 21:45:29; Creo que Pedro Snchez ha ganado #CaraACara #ELPAS20D #PSOE https://t.co/G47Dy1UyXw; M Carmen Vila Blanco; neutral; Pedro Sanchez; Carballo, Galicia; 43.2133696; -8.6888869; 
2015-12-14 21:45:20; Pablo Alborn cobrando royalties sin mover un dedo #caraacara #CaraACara2015; Ricardo Adriasola; neutral; Ninguno; Alicante, Valencia; 38.37564915; -0.531436525455; 
2015-12-14 21:45:13; Creo que Mariano Rajoy ha ganado el #CaraACara #ELPAS20D #PP https://t.co/p0bX2rHlHt; Ignacio Madariaga; neutral; Mariano Rajoy; Santander, Cantabria; 43.4623102; -3.8101067; 
2015-12-14 21:45:02; Creo que Pedro Snchez ha ganado #CaraACara #ELPAS20D #PSOE https://t.co/7UldvXzUUI mucha diferencia; Conxa Blasco Gomis; neutral; Pedro Sanchez; Manises, Comunidad Valenciana; 39.492989; -0.4621429; 
2015-12-14 21:45:00; Creo que Pedro Snchez ha ganado #CaraACara #ELPAS20D #PSOE https://t.co/IJAbqcvs3L; Marina A. Piera; neutral; Pedro Sanchez; Valencia, Spain; 39.6819591; -0.7654406; 
2015-12-14 21:44:18; Creo que Pedro Snchez ha ganado #CaraACara #ELPAS20D #PSOE https://t.co/GdJ8Ogbs2L; Angels Boix; neutral; Pedro Sanchez; Barcelona, Catalonia; 41.3825596; 2.1771353; 
2015-12-14 21:44:14; #CaraACara Pues creo que el debate lo estn perdiendo los dos...; Mifarmaciaencasa; neutral; Ninguno; Madrid, Comunidad de Madrid; 40.4167047; -3.7035825; 
2015-12-14 21:44:11; Creo que Pedro Snchez ha ganado #CaraACara #ELPAS20D #PSOE https://t.co/4Knb03lnah; patricia robles; neutral; Pedro Sanchez; Castellon de la Plana, Valencia; 39.9859953; -0.0374353; 
2015-12-14 21:44:09; No puedo ms. Adis #CaraACara Hola @Castle_ABC; Taoufik; neutral; Ninguno; Madrid, Comunidad de Madrid; 40.4167047; -3.7035825; 
2015-12-14 21:43:59; Buscando el lado positivo, si salen elegidos socialistas o populares de nuevo en Espaa por lo menos no tendr que irme del pas. #CaraACara; Alejandro Mallado; neutral; Ninguno; Chicago, IL; 41.8755546; -87.6244212; 
2015-12-14 21:43:55; Creo que Mariano Rajoy ha ganado el #CaraACara #ELPAS20D #PP https://t.co/IVZhgnixfW; Fernando Sanz; neutral; Mariano Rajoy; Madrid, Comunidad de Madrid; 40.4167047; -3.7035825; 
2015-12-14 21:43:53; Creo que Pedro Snchez ha ganado #CaraACara #ELPAS20D #PSOE https://t.co/8WiWtRKWbY; Jean Comri; neutral; Pedro Sanchez; Valencia, Spain; 39.6819591; -0.7654406; 
2015-12-14 21:43:48; El ltimo tuit de Campo Vidal. #CaraACara https://t.co/PUuSnge3MR; Javier Alonso; neutral; Ninguno; Talavera de la Reina, Castilla-La Mancha; 39.96071; -4.8299634; 
2015-12-14 21:43:42; Creo que Mariano Rajoy ha ganado el #CaraACara #ELPAS20D #PP https://t.co/Xnh35gcDR1; Ramon Caro; neutral; Mariano Rajoy; Tomelloso, Castilla-La Mancha; 39.1590075; -3.0215098; 
2015-12-14 21:43:42; Est haciendo la lista de la compra? #CaraACara; Juan Salado; neutral; Ninguno; Seville, Andalusia; 37.3886303; -5.9953171; 
2015-12-14 21:43:35; Creo que Mariano Rajoy ha ganado el #CaraACara #ELPAS20D #PP https://t.co/oo8bMH2tEL; Hassan Driss Bouyema; neutral; Mariano Rajoy; Melilla, Ciudad de Melilla; 35.29995185; -2.93971456964; 
2015-12-14 21:43:34; Creo que Pedro Snchez ha ganado #CaraACara #ELPAS20D #PSOE https://t.co/WakmDr2NmH; Joan Carles Lacruz; neutral; Pedro Sanchez; Badalona, Catalunya; 41.4493539; 2.248254; 
2015-12-14 21:43:25; Ahhhh!!! #CaraAcara #JetaAJeta https://t.co/VD8uSlaELE; Eduardo Vicent; neutral; Ninguno; Valencia, Spain; 39.6819591; -0.7654406; 
2015-12-14 21:43:22; Creo que Pedro Snchez ha ganado #CaraACara #ELPAS20D #PSOE https://t.co/zwtnGjrZhN; HB; neutral; Pedro Sanchez; Palmas de Gran Canaria, Canary Islands; 28.1287799; -15.4350514; 
2015-12-14 21:43:22; Espaa cambiaria si hablaran de como cambiaran lo que hay y no sobre como cambiaron lo que habia. Cambio total de sistema #CaraACara; Sabrina Martinez M; neutral; Ninguno; Maracaibo, Zulia; 10.6651557; -71.6230753; 
2015-12-14 21:43:04; Entre que @marianorajoy congela las pensiones y que @PedrosanchezSg es muy fro este debate es una #putamierda #CaraACara #CaraACaraL6; Maestro Benavent; neutral; Ambos; Alboraya, Comunidad Valenciana; 39.5009954; -0.34948; 
2015-12-14 21:42:29; Creo que Pedro Snchez ha ganado #CaraACara #ELPAS20D #PSOE https://t.co/keSnjNxICy; Francesc Torres Arno; neutral; Pedro Sanchez; Almacelles, Catalunya; 41.7294989; 0.4404763; 
2015-12-14 21:42:25; #CaraACara que fcil es ensear un grfico... sin ensear ni datos ni escalas ni na....; Mifarmaciaencasa; neutral; Ninguno; Madrid, Comunidad de Madrid; 40.4167047; -3.7035825; 
2015-12-14 21:42:21; Creo que Mariano Rajoy ha ganado el #CaraACara #ELPAS20D #PP https://t.co/RR3HHSX3Kf; MARTA CICUENDEZ; neutral; Mariano Rajoy; Madrid, Comunidad de Madrid; 40.4167047; -3.7035825; 
2015-12-14 21:42:14; La hucha de las pensiones que llen euro a euro Octavio Granado del gobierno del #PSOE #PedroPresidente #CaraaCara; Javier Mardones G-M; neutral; Pedro Sanchez; Vitoria-Gasteiz, Euskadi; 42.8463449; -2.6725146; 
2015-12-14 21:42:08; Esos alientazos que se est comiendo Campo Vidal sin hacer una mueca #CaraACara; Guille Vidal; neutral; Ninguno; Madrid, Comunidad de Madrid; 40.4167047; -3.7035825; 
2015-12-14 21:42:05; Creo que Mariano Rajoy ha ganado el #CaraACara #ELPAS20D #PP https://t.co/0s59k3xlWT BRAVO @marianorajoy; Borja Pardo; neutral; Mariano Rajoy; Albacete, Castilla-La Mancha; 38.9951049; -1.8559613; 
2015-12-14 21:41:58; El fill de Rajoy ja sap on han anat a parar els fulls arrencats de la seva llibreta de quadres de Pokmon #CaraACara https://t.co/y7blfb30yz; Roger Montoliu; neutral; Mariano Rajoy; Sitges, Catalunya; 41.236814; 1.8094154; 
2015-12-14 21:41:44; Creo que Mariano Rajoy ha ganado el #CaraACara #ELPAS20D #PP https://t.co/C5AKLTAN4p; Jose Manuel; neutral; Mariano Rajoy; Seville, Andalusia; 37.3886303; -5.9953171; 
2015-12-14 21:41:43; Escuchar "Y T ms"..."y t ms"..."Pero t ms". Y luego dirn que han ganado el debate y lo que han hecho es perder los dos #CaraACara; Jesus Garrido; neutral; Ninguno; Valencia, Spain; 39.6819591; -0.7654406; 
2015-12-14 21:41:40; Creo que Pedro Snchez ha ganado #CaraACara #ELPAS20D #PSOE https://t.co/WaetkUId18; Alberto Who?; neutral; Pedro Sanchez; Rotterdam, South Holland; 51.92779805; 4.48862326926; 
2015-12-14 21:41:38; Creo que Pedro Snchez ha ganado #CaraACara #ELPAS20D #PSOE https://t.co/N9dabtAaQ8; Ivan; neutral; Pedro Sanchez; Madrid, Comunidad de Madrid; 40.4167047; -3.7035825; 
2015-12-14 21:41:21; Creo que Pedro Snchez ha ganado #CaraACara #ELPAS20D #PSOE https://t.co/56wVKPXt77; Angel; neutral; Pedro Sanchez; Barcelona, Catalonia; 41.3825596; 2.1771353; 
2015-12-14 21:41:15; #CaraACara Alguien ha pillado alguna propuesta concreta que haga realmente felices a los espaoles?; Mifarmaciaencasa; neutral; Ninguno; Madrid, Comunidad de Madrid; 40.4167047; -3.7035825; 
2015-12-14 21:41:02; Se ve por debajo.....#CaraACara  https://t.co/tD7sDKGG2G; FERNANDOGARCIABILBAO; neutral; Ninguno; Moralzarzal, Comunidad de Madrid; 40.6791436; -3.9720985; 
2015-12-14 21:40:55; Creo que Pedro Snchez ha ganado #CaraACara #ELPAS20D #PSOE https://t.co/WY4vMh3xNc; nuria laguna; neutral; Pedro Sanchez; Arnedo, La Rioja; 42.21740235; -2.10348444949; 
2015-12-14 21:40:40; Creo que Pedro Snchez ha ganado #CaraACara #ELPAS20D #PSOE https://t.co/gtR1xDvznS; Ximo Ferrer; neutral; Pedro Sanchez; Villarreal, Comunidad Valenciana; 38.3773239; -0.6901297; 
2015-12-14 21:40:40; El nivel de sobreactuacin de Pedro Snchez es tal, que hace que hasta Rajoy suene convincente  #CaraACara; SalvillaYo; neutral; Ambos; Barcelona, Catalonia; 41.3825596; 2.1771353; 
2015-12-14 21:40:36; Creo que Pedro Snchez ha ganado #CaraACara #ELPAS20D #PSOE https://t.co/2PGXAthP6R; Rafael Anguiano; neutral; Pedro Sanchez; Cordova, Andalusia; 37.8844874; -4.7795023; 
2015-12-14 21:40:35; Creo que Pedro Snchez ha ganado #CaraACara #ELPAS20D #PSOE https://t.co/zHAlPIb7Lu; Maldit@xBastard@x; neutral; Pedro Sanchez; Alicante, Valencia; 38.37564915; -0.531436525455; 
2015-12-14 21:40:27; Creo que Pedro Snchez ha ganado #CaraACara #ELPAS20D #PSOE https://t.co/lxaQKsORDG; A Llull; neutral; Pedro Sanchez; Madrid, Comunidad de Madrid; 40.4167047; -3.7035825; 
2015-12-14 21:40:18; Creo que Pedro Snchez ha ganado #CaraACara #ELPAS20D #PSOE https://t.co/XqaOH6YBjV; maximiliano; neutral; Pedro Sanchez; Magdalena, Argentina; -46.3632837; -67.7918139799; 
2015-12-14 21:40:13; Creo que Pedro Snchez ha ganado #CaraACara #ELPAS20D #PSOE https://t.co/gD71oYaih6; Francis; neutral; Pedro Sanchez; Jaen, Andalusia; 37.7728858; -3.7883289; 
2015-12-14 21:39:40; Creo que Pedro Snchez ha ganado #CaraACara #ELPAS20D #PSOE https://t.co/Fo3VI1IYFD; Fran Cano Molina; neutral; Pedro Sanchez; Colindres, Cantabria; 43.3948943; -3.4510683; 
2015-12-14 21:39:30; Rajoy echando balones fuera #CaraACara; Nerea Puga; neutral; Mariano Rajoy; Lerida, Catalonia; 41.6147605; 0.6267842; 
2015-12-14 21:39:25; Creo que Pedro Snchez ha ganado #CaraACara #ELPAS20D #PSOE https://t.co/AaiDXq8YXf; Francisco Millan; neutral; Pedro Sanchez; Seville, Andalusia; 37.3886303; -5.9953171; 
2015-12-14 21:39:21; Creo que Pedro Snchez ha ganado #CaraACara #ELPAS20D #PSOE https://t.co/G47Dy1UyXw; M Carmen Vila Blanco; neutral; Pedro Sanchez; Carballo, Galicia; 43.2133696; -8.6888869; 
2015-12-14 21:39:21; Creo que Pedro Snchez ha ganado #CaraACara #ELPAS20D #PSOE https://t.co/vrFLjmW1QW; Miguel Maxi; neutral; Pedro Sanchez; Guadalajara, Castilla-La Mancha; 40.7399963; -2.50592992588; 
2015-12-14 21:39:15; Creo que Pedro Snchez ha ganado #CaraACara #ELPAS20D #PSOE https://t.co/i5q4Yyrqr2; Miguel Angel Toscano; neutral; Pedro Sanchez; Seville, Andalusia; 37.3886303; -5.9953171; 
2015-12-14 21:39:14; #CaraACara vamos a contar mentiras trailara....; jose ramon; neutral; Ninguno; Oleiros, Galicia; 43.3330859; -8.3170202; 
2015-12-14 21:39:11; #CaraACara alegra alegra,  vamos a triplicar y cuadruplicar los presupuestos de todo.... preparemos las carteras...; Mifarmaciaencasa; neutral; Ninguno; Madrid, Comunidad de Madrid; 40.4167047; -3.7035825; 
2015-12-14 21:39:06; Creo que Mariano Rajoy ha ganado el #CaraACara #ELPAS20D #PP https://t.co/KvNyJEU1dm; Leandro; neutral; Mariano Rajoy; Valencia, Spain; 39.6819591; -0.7654406; 
2015-12-14 21:38:48; A los funcionarios que les paguen bien. Oiga... y a los autnomos? Qu propuesta tiene Vd para que nos paguen bien? #CaraACara; Jesus Garrido; neutral; Ninguno; Valencia, Spain; 39.6819591; -0.7654406; 
2015-12-14 21:38:40; Parece que @marianorajoy no se entera de lo que est diciendo Mario Draghi estas semanas... #CaraAcara #EconomiaEnSerio; Elsa.; neutral; Mariano Rajoy; Villaconejos, Comunidad de Madrid; 40.1040079; -3.4850284; 
2015-12-14 21:38:36; Creo que Pedro Snchez ha ganado #CaraACara #ELPAS20D #PSOE https://t.co/81AecJ5Ror; DrawingSmiles; neutral; Pedro Sanchez; Seville, Andalusia; 37.3886303; -5.9953171; 
2015-12-14 21:38:31; Creo que Mariano Rajoy ha ganado el #CaraACara #ELPAS20D #PP https://t.co/PLCaQBQlgg; Alberto Del Valle; neutral; Mariano Rajoy; Santander, Cantabria; 43.4623102; -3.8101067; 
2015-12-14 21:38:23; Creo que Pedro Snchez ha ganado #CaraACara #ELPAS20D #PSOE https://t.co/3GTnL5DR0z est dando caa y eso q el vidal ayuda a rajoy; Maria Jesus Recio; neutral; Pedro Sanchez; Arrecife, Islas Canarias; 28.9573026; -13.5524251; 
2015-12-14 21:38:16; Creo que Pedro Snchez ha ganado #CaraACara #ELPAS20D #PSOE https://t.co/oRoQO0G09O; mayte  garcia; neutral; Pedro Sanchez; Parla, Comunidad de Madrid; 40.2373952; -3.7718902; 
2015-12-14 21:38:09; Creo que Pedro Snchez ha ganado #CaraACara #ELPAS20D #PSOE https://t.co/VyoZ1rRflJ; victoria corbacho; neutral; Pedro Sanchez; Viladecans, Catalunya; 41.3163083; 2.0156034; 
2015-12-14 21:37:54; Creo que Pedro Snchez ha ganado #CaraACara #ELPAS20D #PSOE https://t.co/i5q4Yyrqr2  y an no ha terminado; Miguel Angel Toscano; neutral; Pedro Sanchez; Seville, Andalusia; 37.3886303; -5.9953171; 
2015-12-14 21:37:53; Muy bien Rajoy!!!!!! @PPopular #YoVotoPP #CaraACara #RajoyPresidente; Pasku Molina; neutral; Mariano Rajoy; Albacete, Castilla-La Mancha; 38.9951049; -1.8559613; 
2015-12-14 21:37:38; Est claro lo que falta en este debate no? Un Tragabolas en la mesa.   #Yelqueganegana #CaraACara https://t.co/EudrA9ESyQ; Charly Brooklyn; neutral; Ninguno; Madrid, Comunidad de Madrid; 40.4167047; -3.7035825; 
2015-12-14 21:37:35; Y ahora como en Masterchef, tendrn que continuar con los papeles que ha preparado el otro #Caraacara.; Gloria Malvar; neutral; Ninguno; Guadalajara, Castilla-La Mancha; 40.7399963; -2.50592992588; 
2015-12-14 21:37:16; Creo que Pedro Snchez ha ganado #CaraACara #ELPAS20D #PSOE https://t.co/ax4uc9SvB4; gabriel zamarra; neutral; Pedro Sanchez; Torrent, Comunidad Valenciana; 39.4365348; -0.4679001; 
2015-12-14 21:37:07; Creo que Pedro Snchez ha ganado #CaraACara #ELPAS20D #PSOE https://t.co/qEpnFB3nOm; miguel serrano; neutral; Pedro Sanchez; Zaragoza, Aragon; 41.6521342; -0.8809428; 
2015-12-14 21:37:06; #Caraacara #caraacaraTVE y por qu Rajoy n se dirige a Snchez directamente? Cansino... As estbamos ... Y nosotros l dejamos genial....; Maria Veiga Perez; neutral; Mariano Rajoy; Lugo, Galicia; 43.0396042; -7.45660706651; 
2015-12-14 21:37:00; El candidato @sanchezcastejon est interrumpiendo demasiado y @marianorajoy est demasiado callado cuando habla su rival. #CaraACara; Javier Casqueiro; neutral; Ambos; Madrid, Comunidad de Madrid; 40.4167047; -3.7035825; 
2015-12-14 21:36:39; Creo que Pedro Snchez ha ganado #CaraACara #ELPAS20D #PSOE https://t.co/w2WS5iaNII; San Braulio. PSOE; neutral; Pedro Sanchez; Zaragoza, Aragon; 41.6521342; -0.8809428; 
2015-12-14 21:36:22; Creo que Mariano Rajoy ha ganado el #CaraACara #ELPAS20D #PP https://t.co/BGcBBRRjMr; Luis Acosta; neutral; Mariano Rajoy; Maracaibo, Zulia; 10.6651557; -71.6230753; 
2015-12-14 21:36:17; Esto si es serio  Estos 2 van a conseguir 1UE duerma sin medicacin.  #CaraACara #basuraEnSerio https://t.co/toZ6YCahjv; Vanessa Corell Lao; neutral; Ninguno; Meliana, Comunidad Valenciana; 39.528475; -0.3488606; 
2015-12-14 21:36:04; un debate entre Pique y Arbeloa sera un #jetaacono o un #caraacara?; Fernando Gimenez; neutral; Ninguno; Madrid, Comunidad de Madrid; 40.4167047; -3.7035825; 
2015-12-14 21:35:55; Creo que Pedro Snchez ha ganado #CaraACara #ELPAS20D #PSOE https://t.co/7WJlAjnZqe; Olga Gonzalez; neutral; Pedro Sanchez; Madrid, Comunidad de Madrid; 40.4167047; -3.7035825; 
2015-12-14 21:35:54; #CaraACara yo opino que solo se acuerdan de la gente con menos recursos y en paro a la hora de votar,despus olvidan facil y de raiz; jose ramon; neutral; Ninguno; Oleiros, Galicia; 43.3330859; -8.3170202; 
2015-12-14 21:35:54; El decorado es anacrnico, que no haya ms candidatos tambin PERO esto no tiene nada que ver con #CaraACara anteriores; Carlos Herranz; neutral; Ninguno; Paris, Ile-de-France; 48.8565056; 2.3521334; 
2015-12-14 21:35:03; Creo que Mariano Rajoy ha ganado el #CaraACara #ELPAS20D #PP https://t.co/M8JLnZTLqK; Gus Cabezas; neutral; Mariano Rajoy; Valdeolmos-Alalpardo, Comunidad de Madrid; 40.6371561; -3.45862217035; 
2015-12-14 21:34:40; En el apartado econmico @sanchezcastejon ha tomado la delantera con alusiones a la corrupcin y @marianorajoy parece a remolque. #CaraACara; Javier Casqueiro; neutral; Ambos; Madrid, Comunidad de Madrid; 40.4167047; -3.7035825; 
2015-12-14 21:34:38; Y tu ms #CaraACara; Jose; neutral; Ninguno; Puertollano, Castilla-La Mancha; 38.6852161; -4.1111749; 
2015-12-14 21:34:37; Vamos @sanchezcastejon eres el mejor ahora ya sabe Rajoy de cuentas el otro dia el en Doana y  Soraya dando cuentas de verguenza #CaraACara; Juani; neutral; Ambos; Seville, Andalusia; 37.3886303; -5.9953171; 
2015-12-14 21:34:25; Creo que Pedro Snchez ha ganado #CaraACara #ELPAS20D #PSOE https://t.co/D6CWr5LAdm; Maribel; neutral; Pedro Sanchez; Malaga, Andalusia; 36.7210805; -4.4210409; 
2015-12-14 21:34:24; Cansado de tanto "y t ms" del #CaraACara y de un chorreo de cifras sin ningn tipo de emocin o de idea de futuro; Taoufik; neutral; Ninguno; Madrid, Comunidad de Madrid; 40.4167047; -3.7035825; 
2015-12-14 21:34:17; yo quiero un #CaraACara entre Piqu y Arbeloa.; Fernando Gimenez; neutral; Ninguno; Madrid, Comunidad de Madrid; 40.4167047; -3.7035825; 
2015-12-14 21:34:08; Bueno, por ahora han hecho algo bien en el #CaraaCara Los dos han sido puntuales... Cre que no daban ni una; TeresaBlancoCamacho; neutral; Ninguno; Madrid, Comunidad de Madrid; 40.4167047; -3.7035825; 
2015-12-14 21:33:52; Mariano Rajoy vs Pedro Sanchez #CaraACara esta apunto de empezar...! un debate que marcar la diferencia !mportante..; Tahir; neutral; Ambos; Spain; 40.0028028; -4.003104; 
2015-12-14 21:33:45; Creo que Pedro Snchez ha ganado #CaraACara #ELPAS20D #PSOE https://t.co/TcKO0xoga9; Mamen Nombela; neutral; Pedro Sanchez; Palma, Balearic Islands; 39.5695818; 2.6500745; 
2015-12-14 21:33:40; Lo que estoy aprendiendo con este debate es que Pedro Snchez sabe leer #CaraACara; Paula; neutral; Pedro Sanchez; Pontevedra, Galicia; 42.36226445; -8.53350397214; 
2015-12-14 21:33:24; Oh, el estado de bienestar, qu cosa! #CaraACara; Luis Alfonso; neutral; Ninguno; Fuenlabrada, Comunidad de Madrid; 40.282476; -3.7923422; 
2015-12-14 21:33:22; Por fin un #CaraACara sin corss. Un poco chiringuito, pero mucho ms vivo. Bien!; Carlos Herranz; neutral; Ninguno; Paris, Ile-de-France; 48.8565056; 2.3521334; 
2015-12-14 21:33:15; #CaraACara ha quedado clarsimo cmo van a arreglar el tema del paro. Vamos con otro tema para no decir tampoco nada de eso.; Carmen Rguez. Mazo; neutral; Ninguno; Madrid, Comunidad de Madrid; 40.4167047; -3.7035825; 
2015-12-14 21:32:32; Creo que Pedro Snchez ha ganado #CaraACara #ELPAS20D #PSOE https://t.co/abO9dwmP9c; guillermo barrios; neutral; Pedro Sanchez; Madrid, Comunidad de Madrid; 40.4167047; -3.7035825; 
2015-12-14 21:32:19; #CaraaCara #JetaAJeta es debate es tal y como esperbamos. Una maldita bazofia.; Javier Garoz; neutral; Ninguno; Malaga, Andalusia; 36.7210805; -4.4210409; 
2015-12-14 21:32:16; Creo que Pedro Snchez ha ganado #CaraACara #ELPAS20D #PSOE https://t.co/rZaqYZtPjb; ester; neutral; Pedro Sanchez; Bologna, Emilia-Romagna; 44.4936714; 11.3430347; 
2015-12-14 21:31:47; Ms de lo mismo .... Hay que cambiar .... Las propuestas donde estn ??? #CaraACara #CARAaCARAa3n #Cambiemos; Carlos Angarano; neutral; Ninguno; Malaga, Andalusia; 36.7210805; -4.4210409; 
2015-12-14 21:31:37; Campo Vidal ha dicho 'a travs de un tuiter'?? #comomimadre #modernors #CaraACaraL6 #caraacara; eva luna; neutral; Ninguno; Quart de Poblet, Comunidad Valenciana; 39.4827253; -0.4438854; 
2015-12-14 21:31:32; Creo que Pedro Snchez ha ganado #CaraACara #ELPAS20D #PSOE https://t.co/KVOWXPymSo; Silvio Iacovino; neutral; Pedro Sanchez; Capital - Mendoza, Argentina; -32.899386; -68.8541634; 
2015-12-14 21:31:24; Creo que Pedro Snchez ha ganado #CaraACara #ELPAS20D #PSOE https://t.co/rqLGAO6OCJ; Enrique Virgos; neutral; Pedro Sanchez; Vila-seca, Catalunya; 41.1091533; 1.1464876; 
2015-12-14 21:31:22; Resumen del #CaraACara: "Y t ms" #JetaAJeta #CaraACaraL6; Joan Orquin; neutral; Ninguno; Oliva, Comunidad Valenciana; 38.9201993; -0.1209744; 
2015-12-14 21:31:08; @ph_imhof pensar, esto no est pagado #CaraACaraL6 #CaraACara; Luis Alfonso; neutral; Ninguno; Fuenlabrada, Comunidad de Madrid; 40.282476; -3.7923422; 
2015-12-14 21:30:50; Madre ma, que debate, que argumentos,...#CaraACara https://t.co/sMPZJEk31W; Rambla; neutral; Ninguno; Zaragoza, Aragon; 41.6521342; -0.8809428; 
2015-12-14 21:30:49; Es posible que los dos candidatos pierdan un debate? Lo demuestran Pedro Snchez y Rajoy Alguna propuesta? #caraAcara; Juan Baeza; neutral; Ambos; Barcelona, Catalonia; 41.3825596; 2.1771353; 
2015-12-14 21:29:51; Veo a Campos Vidal con ganas de levantarse, repartir guantazos, acabar e irse a la cama #CaraACara #CaraACaraL6; Luis Alfonso; neutral; Ninguno; Fuenlabrada, Comunidad de Madrid; 40.282476; -3.7923422; 
2015-12-14 21:29:28; Lo nico bueno de este "debate"  es que nos podemos dar cuenta de la vergenza de pas que tenemos con PPSOE #CaraACara; Javier; neutral; Ninguno; Barcelona, Catalonia; 41.3825596; 2.1771353; 
2015-12-14 21:29:17; Por qu ser que no dejan de pasar del pasado y no tocan el futuro? Fcil. No hay plan alguno. #CaraACara.; Dimas; neutral; Ninguno; Barcelona, Catalonia; 41.3825596; 2.1771353; 
2015-12-14 21:29:12; Buen ataque de Snchez con cronologa Bankia #CaraACara Rajoy se defiende:'Hubo presiones para aceptar y no aceptamos. No hubo rescate'; Carlos Herranz; neutral; Mariano Rajoy; Paris, Ile-de-France; 48.8565056; 2.3521334; 
2015-12-14 21:29:02; #CaraACara Basta de demagogia Snchez! Se imponen nuevos tiempos, nuevos agentes y nuevas reformas, en las que los ciudadanos decidamos!; Braulio Garrido; neutral; Ninguno; Majadahonda, Comunidad de Madrid; 40.473055; -3.8724138; 
2015-12-14 21:29:00; Pero Ylenia no era colaboradora del DBT? #CaraACara https://t.co/XSpfI98d4E; charlestrayed; neutral; Ninguno; Esplugues de Llobregat, Catalunya; 41.3776796; 2.0899722; 
2015-12-14 21:28:17; Pues yo creo que por debajo la mesa estn haciendo piececitos...  #CaraACara #CaraACaraL6; Charly Brooklyn; neutral; Ninguno; Madrid, Comunidad de Madrid; 40.4167047; -3.7035825; 
2015-12-14 21:28:07; Creo que Pedro Snchez ha ganado #CaraACara #ELPAS20D #PSOE https://t.co/XvgsrkMDl8; Jojavalo; neutral; Pedro Sanchez; Caceres, Extremadura; 39.4751552; -6.3714131; 
2015-12-14 21:28:06; POR FAVOR NO HACE FALTA UN POLGRAFO.  NECESITAMOS UNA MORDAZA #FulAFul #CaraACara #ElVerdaderoDebate https://t.co/Z0cFrarYhl; Vanessa Corell Lao; neutral; Ninguno; Meliana, Comunidad Valenciana; 39.528475; -0.3488606; 
2015-12-14 21:27:51; Hay que reconocer que Pedro Sanchez sabe cantar. #CaraACara https://t.co/tsVPS9WOWJ; Rojo Dos (2); neutral; Pedro Sanchez; Madrid, Comunidad de Madrid; 40.4167047; -3.7035825; 
2015-12-14 21:27:22; Oti, me meo, resulta que ahora estamos como estamos gracias al PSOE xd. #CaraACara; Paula; neutral; Ninguno; Pontevedra, Galicia; 42.36226445; -8.53350397214; 
2015-12-14 21:27:20; Creo que Pedro Snchez ha ganado #CaraACara #ELPAS20D #PSOE https://t.co/Gt2roScw6J; Noe33; neutral; Pedro Sanchez; Villanueva de la Serena, Extremadura; 38.9736582; -5.7997814; 
2015-12-14 21:27:11; Creo que Mariano Rajoy ha ganado el #CaraACara #ELPAS20D #PP https://t.co/6WoIq5d1Sr; Antonio Fuentes; neutral; Mariano Rajoy; Ferrol, Galicia; 43.4846862; -8.233162; 
2015-12-14 21:27:07; Qu ZP evit el que????? #loschistesdePedroSanchez #CaraACara; Amelia Corbacho; neutral; Pedro Sanchez; Madrid, Comunidad de Madrid; 40.4167047; -3.7035825; 
2015-12-14 21:26:37; Me abuuuuuro! Vaya debate aburrido rancio #CaraACara viva la #ViejaPolitica; Ossama Nasser L; neutral; Ninguno; Garches, Ile-de-France; 48.8437486; 2.1853699; 
2015-12-14 21:26:14; @sanchezcastejon es como Zapatero que no os engae con su psimo argumentario. #CaraACara #CARAaCARA2015; Ignacio Madariaga; neutral; Pedro Sanchez; Santander, Cantabria; 43.4623102; -3.8101067; 
2015-12-14 21:26:11; Bravo, #Presidente! @marianorajoy habla con la seguridad que da el deber bien cumplido. PS va a la desesperada: marrullero y soez #CaraACara; Grupo Municipal PPOU; neutral; Mariano Rajoy; Ourense, Galicia; 42.1939629; -7.53712391397; 
2015-12-14 21:25:07; Rajoy empeado en subrayar que baja impuestos en prox legislatura #CaraAcara Es el tema que ms saca...; Carlos Herranz; neutral; Mariano Rajoy; Paris, Ile-de-France; 48.8565056; 2.3521334; 
2015-12-14 21:24:52; #CaraACara una mierda de debate #PlanetFullNeandertal!!!; David Lastres; neutral; Ninguno; Barcelona, Catalonia; 41.3825596; 2.1771353; 
2015-12-14 21:24:50; Bajar los impuestos es lo que se le supone a un partido liberal, pero viendo estos 4 aos  #CaraACaraL6 #CaraACara; Luis Alfonso; neutral; Ninguno; Fuenlabrada, Comunidad de Madrid; 40.282476; -3.7923422; 
2015-12-14 21:24:37; Qu memoria tienen ambos, no? Joder  #CaraACara; adrianexp23; neutral; Ninguno; Santiago de Compostela, Galicia; 42.8804219; -8.5458608; 
2015-12-14 21:24:31; Campo Vidal podra ganarse la vida como mimo en la Plaza Mayor  #CaraACara; Charly Brooklyn; neutral; Ninguno; Madrid, Comunidad de Madrid; 40.4167047; -3.7035825; 
2015-12-14 21:23:55; Campo Vidal es de cera  #CaraACara; Charly Brooklyn; neutral; Ninguno; Madrid, Comunidad de Madrid; 40.4167047; -3.7035825; 
2015-12-14 21:23:37; @PedrosanchezSg pregunta lo de los vecinos quieren ser el alcalde, que no me quedo claro. #CaraACaraL6 #caraacara; Maestro Benavent; neutral; Pedro Sanchez; Alboraya, Comunidad Valenciana; 39.5009954; -0.34948; 
2015-12-14 21:23:31; Vamos a subir a 1000 el sueldo mnimo... Menos en Andaluca que llevamos 40 aos mandando y no hacemos nada de lo que prometemos #CaraACara; Ramlaf04; neutral; Ninguno; Madrid, Comunidad de Madrid; 40.4167047; -3.7035825; 
2015-12-14 21:23:30; @Rajoy acaba de decir que ha subido el salario a los empleados pblicos!!!????? #CaraACaraL6 #caraacara para Cara la suya, hay que joderse.; Sergio; neutral; Mariano Rajoy; Madrid, Comunidad de Madrid; 40.4167047; -3.7035825; 
2015-12-14 21:23:17; Toda Espaa esperando la cosa esa graciosa que va a decir @marianorajoy de un momento a otro... #CaraACara; Charly Brooklyn; neutral; Mariano Rajoy; Madrid, Comunidad de Madrid; 40.4167047; -3.7035825; 
2015-12-14 21:22:59; Al final Pedro Sanchez ha resultado ser un mueco de trapo, vaya repaso de Mariano. #CaraACara; Sergi Concha; neutral; Ambos; el Prat de Llobregat, Catalunya; 41.3246333; 2.0952568; 
2015-12-14 21:22:45; Pedro Snchez se est comiendo a Mariano Rajoy #CaraACara; Larek; neutral; Ambos; Pamplona, Comunidad Foral de Navarra; 42.8185502; -1.6444165; 
2015-12-14 21:22:42; Con Rajoy y Snchez debatiendo hasta Herzog Y UPyD pueden pillar cacho #CaraACaraL6 #CaraACara; Luis Alfonso; neutral; Mariano Rajoy; Fuenlabrada, Comunidad de Madrid; 40.282476; -3.7923422; 
2015-12-14 21:22:25; Como sigan sin enfocar la cara de Rajoy el juego de tomar un chupito por cada tic se va al garete #CaraACara  #CaraACaraL6; Pedro Nascimento; neutral; Mariano Rajoy; Badajoz, Extremadura; 38.8782064; -6.9701573; 
2015-12-14 21:22:18; Mi corazn no est para este tostn Paso del #CaraACara fuero #ElVerdaderoDebate Son #CallesMoradas #SonrisasMoradas https://t.co/1WHN6tEJHK; Vanessa Corell Lao; neutral; Ninguno; Meliana, Comunidad Valenciana; 39.528475; -0.3488606; 
2015-12-14 21:22:15; @marianorajoy #CaraACara Voy a hacer esto y lo otro,luego ya hago lo contrario,pero vamos a ver si es un mentiroso!!!!!; jose ramon; neutral; Mariano Rajoy; Oleiros, Galicia; 43.3330859; -8.3170202; 
2015-12-14 21:21:36; En este #CaraACara que nadie se queje de que el fondo y la deco distraen del contenido eh?; Carlos Herranz; neutral; Ninguno; Paris, Ile-de-France; 48.8565056; 2.3521334; 
2015-12-14 21:21:34; Zas en toda la boca , Iva de los chuches #CaraACara; JUAN CARLOS DIAZ; neutral; Ninguno; Paderne de Allariz, Galicia; 42.2715666; -7.7511067; 
2015-12-14 21:21:30; Las shushes! Han salido las shushes!  #CaraACaraL6 #CaraACara; BB-8; neutral; Ninguno; Madrid, Comunidad de Madrid; 40.4167047; -3.7035825; 
2015-12-14 21:21:12; @sanchezcastejon reconduce su postura y habla de propuestas para evitar que cuaje la visin tenebrosa de la que le acusa Rajoy #caraacara; Enric Sierra; neutral; Ambos; Arenys de Mar, Catalunya; 41.5797031; 2.5491562; 
2015-12-14 21:20:39; Falta mucho, Papi?  #CaraACaraL6 #CaraACara; BB-8; neutral; Ninguno; Madrid, Comunidad de Madrid; 40.4167047; -3.7035825; 
2015-12-14 21:19:50; Cundo van a poner las imgenes en el croma? #caraacara; Gloria Malvar; neutral; Ninguno; Guadalajara, Castilla-La Mancha; 40.7399963; -2.50592992588; 
2015-12-14 21:19:41; Rivera e Iglesias pueden salir muy fortalecidos esta noche #CaraACara; Luis Alfonso; neutral; Ninguno; Fuenlabrada, Comunidad de Madrid; 40.282476; -3.7923422; 
2015-12-14 21:19:40; Rajoy alardeando de bajar impuestos?????????#CaraACara comorrrrrrrrr??????; Carlos Herranz; neutral; Mariano Rajoy; Paris, Ile-de-France; 48.8565056; 2.3521334; 
2015-12-14 21:19:32; Deseando que salgan de una vez #AlbertRivera y #PabloIglesias en el debate #CaraACara; Juan Carlos Mestre; neutral; Ninguno; Madrid, Comunidad de Madrid; 40.4167047; -3.7035825;
2015-12-1
